-- phpMyAdmin SQL Dump
-- version 4.7.4
-- https://www.phpmyadmin.net/
--
-- Host: 127.0.0.1
-- Generation Time: Jan 22, 2018 at 02:10 PM
-- Server version: 10.1.29-MariaDB
-- PHP Version: 7.2.0

SET SQL_MODE = "NO_AUTO_VALUE_ON_ZERO";
SET AUTOCOMMIT = 0;
START TRANSACTION;
SET time_zone = "+00:00";


/*!40101 SET @OLD_CHARACTER_SET_CLIENT=@@CHARACTER_SET_CLIENT */;
/*!40101 SET @OLD_CHARACTER_SET_RESULTS=@@CHARACTER_SET_RESULTS */;
/*!40101 SET @OLD_COLLATION_CONNECTION=@@COLLATION_CONNECTION */;
/*!40101 SET NAMES utf8mb4 */;

--
-- Database: `bluejack`
--

-- --------------------------------------------------------

--
-- Table structure for table `bidmaster`
--

CREATE TABLE `bidmaster` (
  `id` int(11) NOT NULL,
  `carid` varchar(40) NOT NULL,
  `bidamount` varchar(40) NOT NULL,
  `dealerid` varchar(40) NOT NULL,
  `datetime` varchar(40) DEFAULT NULL,
  `bidstatus` int(11) DEFAULT NULL
) ENGINE=InnoDB DEFAULT CHARSET=latin1;

--
-- Dumping data for table `bidmaster`
--

INSERT INTO `bidmaster` (`id`, `carid`, `bidamount`, `dealerid`, `datetime`, `bidstatus`) VALUES
(1, '1000001647', '10000', '1', NULL, NULL),
(2, '1000001647', '14000', '1', '02-01-2018 12:16:43', NULL),
(3, '1000001647', '18000', '1', '2018-01-02 12:18:18', NULL),
(4, '1000001647', '20000', '1', '2018-01-04 03:47:16', NULL),
(5, '1000001647', '22000', '0', '2018-01-04 04:14:10', NULL),
(6, '1000001647', '24000', '0', '2018-01-04 04:40:54', NULL),
(7, '1000001647', '26000', '0', '2018-01-04 04:42:44', NULL),
(8, '1000001647', '30000', '0', '2018-01-06 05:43:49', NULL),
(9, '1000001649', '32000', '0', '2018-01-08 01:29:07', NULL),
(10, '1000001649', '34000', '0', '2018-01-08 01:39:32', NULL),
(11, '1000001649', '36000', '0', '2018-01-08 01:40:29', 1),
(12, '1000001649', '38000', '2', '2018-01-08 02:00:44', 1),
(13, '1000001647', '35000', '2', '2018-01-08 02:03:15', 1);

-- --------------------------------------------------------

--
-- Table structure for table `carimage`
--

CREATE TABLE `carimage` (
  `id` int(11) NOT NULL,
  `carid` varchar(40) NOT NULL,
  `imagepath` varchar(120) NOT NULL,
  `delid` int(11) NOT NULL,
  `imageid` int(11) DEFAULT NULL
) ENGINE=InnoDB DEFAULT CHARSET=latin1;

--
-- Dumping data for table `carimage`
--

INSERT INTO `carimage` (`id`, `carid`, `imagepath`, `delid`, `imageid`) VALUES
(1, '1000001647', 'https://imgd.aeplcdn.com/1056x594/cw/ec/26755/Honda-City-Facelife-Left-Front-Three-Quarter-88950.jpg', 0, 1),
(2, '1000001647', 'https://imgd.aeplcdn.com/1056x594/cw/ec/26755/Honda-City-Facelife-Left-Front-Three-Quarter-88950.jpg', 0, 1),
(3, '1000001648', 'https://auto.ndtvimg.com/car-images/medium/ferrari/gtc4lusso/ferrari-gtc4lusso.jpg', 0, 2),
(4, '1000001648', 'https://auto.ndtvimg.com/car-images/medium/ferrari/gtc4lusso/ferrari-gtc4lusso.jpg', 0, 2),
(5, '1000001649', 'https://auto.ndtvimg.com/car-images/big/maserati/levante/maserati-levante.jpg', 0, 3),
(6, '1000001649', 'https://auto.ndtvimg.com/car-images/big/maserati/levante/maserati-levante.jpg', 0, 3);

-- --------------------------------------------------------

--
-- Table structure for table `carmake`
--

CREATE TABLE `carmake` (
  `id` int(11) NOT NULL,
  `carmake` varchar(40) COLLATE utf8_unicode_ci NOT NULL,
  `delid` int(11) NOT NULL
) ENGINE=InnoDB DEFAULT CHARSET=utf8 COLLATE=utf8_unicode_ci;

--
-- Dumping data for table `carmake`
--

INSERT INTO `carmake` (`id`, `carmake`, `delid`) VALUES
(1, 'maruti suzuki', 0),
(2, 'hyundai', 0),
(3, 'honda', 0),
(4, 'toyota', 0),
(5, 'chevrolet', 0),
(6, 'ford', 0),
(7, 'mahindra', 0),
(8, 'skoda', 0),
(9, 'volkswagen', 0),
(10, 'nissan', 0),
(11, 'renault', 0),
(12, 'fiat', 0),
(13, 'mercedes benz', 0),
(14, 'bmw', 0),
(15, 'audi', 0),
(16, 'ashok leyland', 0),
(17, 'aston martin', 0),
(18, 'datsun', 0),
(19, 'hindustan motors', 0),
(20, 'icml', 0),
(21, 'jaguar', 0),
(22, 'mitsubishi', 0),
(23, 'opel', 0),
(24, 'volvo', 0),
(25, 'tata', 0);

-- --------------------------------------------------------

--
-- Table structure for table `carmaster`
--

CREATE TABLE `carmaster` (
  `id` int(11) NOT NULL,
  `carid` int(11) NOT NULL,
  `brandname` int(11) DEFAULT NULL,
  `carmake` int(11) NOT NULL,
  `carmodel` int(11) NOT NULL,
  `modelyear` varchar(40) NOT NULL,
  `carnumber` varchar(60) NOT NULL,
  `regstate` varchar(100) NOT NULL,
  `demandprice` varchar(40) NOT NULL,
  `bidstartprice` varchar(40) NOT NULL,
  `accidental` varchar(20) NOT NULL,
  `service` varchar(60) NOT NULL,
  `cng` varchar(40) NOT NULL,
  `color` varchar(40) NOT NULL,
  `cengine` varchar(120) NOT NULL,
  `fuel` varchar(40) NOT NULL,
  `insurance` varchar(40) NOT NULL,
  `insurancetype` varchar(40) NOT NULL,
  `kms` varchar(40) NOT NULL,
  `light` varchar(120) DEFAULT NULL,
  `owner` int(11) DEFAULT NULL,
  `paint` varchar(40) DEFAULT NULL,
  `rfc` varchar(40) DEFAULT NULL,
  `rusting` varchar(120) DEFAULT NULL,
  `suspension` varchar(120) DEFAULT NULL,
  `testdriveresult` varchar(120) DEFAULT NULL,
  `tyres` varchar(120) DEFAULT NULL,
  `windowsshield` varchar(120) DEFAULT NULL,
  `workdoneoncar` varchar(120) DEFAULT NULL,
  `remarks` varchar(250) DEFAULT NULL,
  `cstatus` int(11) NOT NULL,
  `currentbid` varchar(60) DEFAULT NULL,
  `currentbidby` varchar(40) DEFAULT NULL,
  `bidstarttime` varchar(60) DEFAULT NULL,
  `bidendtime` varchar(60) DEFAULT NULL,
  `bidendsec` varchar(60) DEFAULT NULL,
  `livetimeleft` varchar(60) DEFAULT NULL,
  `maxbid` varchar(40) DEFAULT NULL,
  `minbid` varchar(40) DEFAULT NULL,
  `imageid` int(11) DEFAULT NULL
) ENGINE=InnoDB DEFAULT CHARSET=latin1;

--
-- Dumping data for table `carmaster`
--

INSERT INTO `carmaster` (`id`, `carid`, `brandname`, `carmake`, `carmodel`, `modelyear`, `carnumber`, `regstate`, `demandprice`, `bidstartprice`, `accidental`, `service`, `cng`, `color`, `cengine`, `fuel`, `insurance`, `insurancetype`, `kms`, `light`, `owner`, `paint`, `rfc`, `rusting`, `suspension`, `testdriveresult`, `tyres`, `windowsshield`, `workdoneoncar`, `remarks`, `cstatus`, `currentbid`, `currentbidby`, `bidstarttime`, `bidendtime`, `bidendsec`, `livetimeleft`, `maxbid`, `minbid`, `imageid`) VALUES
(1, 1000001647, 1, 3, 2, '2016', 'DL5CF2491', 'DL - Delhi', '150000', '15000', 'Yes', '', 'No Cng', 'White', 'Normal but timimg side oil leakage', 'Petrol', 'Do Not Know', 'Do Not Know', '10000', 'Rh tail light crack', 1, 'Full body repaint without roof', '20000', 'no rusting', 'Good Quality', 'All good', 'All tyre 30%', 'Fr. Windshield having a spot', 'Normal', 'Coolant leakage', 1, '35000', '2', '1513821275000', '1516559399000', '1516559399000', '1515061861000', '5000', '2000', 1),
(2, 1000001648, 1, 3, 4, '2016', 'DL5CF2821', 'DL - Delhi', '150000', '13000', 'Yes', '', 'No Cng', 'White', 'Normal but timimg side oil leakage', 'Petrol', 'Do Not Know', 'Do Not Know', '10000', 'Rh tail light crack', 1, 'Full body repaint without roof', '20000', 'no rusting', 'Good Quality', 'All good', 'All tyre 30%', 'Fr Windshield having a spot', 'Normal', 'Coolant leakage', 2, '', '0', '1513821215000', '1516559399000', '1516559399000', '1515061861000', '5000', '2000', 2),
(3, 1000001649, 1, 2, 6, '2016', 'DL5CF2864', 'DL - Delhi', '150000', '15000', 'Yes', '', 'No Cng', 'White', 'Normal but timimg side oil leakage', 'Petrol', 'Do Not Know', 'Do Not Know', '10000', 'Rh tail light crack', 1, 'Full body repaint without roof', '20000', 'no rusting', 'Good Quality', 'All good', 'All tyre 30%', 'Fr. Windshield having a spot', 'Normal', 'Coolant leakage', 1, '38000', '2', '1513821275000', '1516559399000', '1516559399000', '1515061861000', '5000', '2000', 3);

-- --------------------------------------------------------

--
-- Table structure for table `carmodel`
--

CREATE TABLE `carmodel` (
  `id` int(11) NOT NULL,
  `carmodel` varchar(40) COLLATE utf8_unicode_ci NOT NULL,
  `carmakeid` int(11) NOT NULL,
  `delid` int(11) NOT NULL
) ENGINE=InnoDB DEFAULT CHARSET=utf8 COLLATE=utf8_unicode_ci;

--
-- Dumping data for table `carmodel`
--

INSERT INTO `carmodel` (`id`, `carmodel`, `carmakeid`, `delid`) VALUES
(1, '800', 1, 0),
(2, '1000', 1, 0),
(3, 'alto', 1, 0),
(4, 'alto 800', 1, 0),
(5, 'baleno', 1, 0),
(6, 'celerio', 1, 0),
(7, 'ciaz', 1, 0),
(8, 'eeco', 1, 0),
(9, 'ertiga', 1, 0),
(10, 'esteem', 1, 0),
(11, 'grand vitara', 1, 0),
(12, 'gypsy', 1, 0),
(13, 'kizashi', 1, 0),
(14, 'omni', 1, 0),
(15, 'accent', 2, 0),
(16, 'creta', 2, 0),
(17, 'elantra', 2, 0),
(18, 'elite i20', 2, 0),
(19, 'eon', 2, 0),
(20, 'getz', 2, 0),
(21, 'getz prime', 2, 0),
(22, 'grand i10', 2, 0),
(23, 'i10', 2, 0),
(24, 'i20', 2, 0),
(25, 'i20 active', 2, 0),
(26, 'new elantra', 2, 0),
(27, 'santro', 2, 0),
(28, 'santro xing', 2, 0),
(29, 'sonata', 2, 0),
(30, 'sonata embera', 2, 0),
(31, 'sonata transform', 2, 0),
(32, 'terracan', 2, 0),
(33, 'tucson', 2, 0),
(34, 'tucson new', 2, 0),
(35, 'verna', 2, 0),
(36, 'xcent', 2, 0),
(37, 'sanat fe', 2, 0),
(38, 'accord', 3, 0),
(39, 'amaze', 3, 0),
(40, 'brio', 3, 0),
(41, 'city', 3, 0),
(42, 'city zx', 3, 0),
(43, 'civic', 3, 0),
(44, 'civic hybrid', 3, 0),
(45, 'crv', 3, 0),
(46, 'jazz', 3, 0),
(47, 'mobilio', 3, 0),
(48, 'camry', 4, 0),
(49, 'corolla', 4, 0),
(50, 'etios', 4, 0),
(51, 'etios liva', 4, 0),
(52, 'fortuner', 4, 0),
(53, 'innova', 4, 0),
(54, 'innova crysta', 4, 0),
(55, 'land cruiser', 4, 0),
(56, 'land cruiser prado', 4, 0),
(57, 'prius', 4, 0),
(58, 'qualis', 4, 0),
(59, 'corollaaltis', 4, 0),
(60, 'aveo', 5, 0),
(61, 'aveo u va', 5, 0),
(62, 'beat', 5, 0),
(63, 'captiva', 5, 0),
(64, 'cruze', 5, 0),
(65, 'enjoy', 5, 0),
(66, 'forester', 5, 0),
(67, 'optra', 5, 0),
(68, 'optra magnum', 5, 0),
(69, 'optra srv', 5, 0),
(70, 'sail', 5, 0),
(71, 'spark', 5, 0),
(72, 'tavera', 5, 0),
(73, 'sail u va', 5, 0),
(74, 'classic', 6, 0),
(75, 'ecosport', 6, 0),
(76, 'endeavour', 6, 0),
(77, 'escort', 6, 0),
(78, 'fiesta', 6, 0),
(79, 'fiesta classic', 6, 0),
(80, 'figo', 6, 0),
(81, 'figo aspire', 6, 0),
(82, 'fusion', 6, 0),
(83, 'ikon', 6, 0),
(84, 'mondeo', 6, 0),
(85, 'armada', 7, 0),
(86, 'bolero', 7, 0),
(87, 'kuv100', 7, 0),
(88, 'quanto', 7, 0),
(89, 'reva', 7, 0),
(90, 'scorpio', 7, 0),
(91, 'thar', 7, 0),
(92, 'tuv300', 7, 0),
(93, 'verito', 7, 0),
(94, 'verito vibe cs', 7, 0),
(95, 'voyeger', 7, 0),
(96, 'xuv500', 7, 0),
(97, 'xylo', 7, 0),
(98, 'e20', 7, 0),
(99, 'fabia', 8, 0),
(100, 'laura', 8, 0),
(101, 'octavia', 8, 0),
(102, 'rapid', 8, 0),
(103, 'superb', 8, 0),
(104, 'yeti', 8, 0),
(105, 'ovctavia combi', 8, 0),
(106, 'ameo', 9, 0),
(107, 'cross polo', 9, 0),
(108, 'jetta', 9, 0),
(109, 'phaeton', 9, 0),
(110, 'polo', 9, 0),
(111, 'touareg', 9, 0),
(112, 'vento', 9, 0),
(113, 'passet', 9, 0),
(114, 'evalia', 10, 0),
(115, 'micra', 10, 0),
(116, 'micra active', 10, 0),
(117, 'sunny', 10, 0),
(118, 'teana', 10, 0),
(119, 'terrano', 10, 0),
(120, 'x trail', 10, 0),
(121, 'NISSAN 370Z', 10, 0),
(122, 'scala', 11, 0),
(123, 'pulse', 11, 0),
(124, 'lodgy', 11, 0),
(125, 'kwid', 11, 0),
(126, 'duster', 11, 0),
(127, 'fluence', 11, 0),
(128, 'koleos', 11, 0),
(129, '500', 12, 0),
(130, 'adventure', 12, 0),
(131, 'avvventura', 12, 0),
(132, 'grand punto', 12, 0),
(133, 'linea', 12, 0),
(134, 'palio', 12, 0),
(135, 'palio d', 12, 0),
(136, 'palio nv', 12, 0),
(137, 'palio stile', 12, 0),
(138, 'petra', 12, 0),
(139, 'petra d', 12, 0),
(140, 'punto evo', 12, 0),
(141, 'siena', 12, 0),
(142, 'siena weekend', 12, 0),
(143, 'uno', 12, 0),
(144, 'a class', 13, 0),
(145, 'b class', 13, 0),
(146, 'c class', 13, 0),
(147, 'cla class', 13, 0),
(148, 'cls', 13, 0),
(149, 'cls class', 13, 0),
(150, 'e class', 13, 0),
(151, 'g class', 13, 0),
(152, 'gl class', 13, 0),
(153, 'gla class', 13, 0),
(154, 'm class', 13, 0),
(155, 'maybach s class', 13, 0),
(156, 'ml class', 13, 0),
(157, 'r class', 13, 0),
(158, 's class', 13, 0),
(159, 'sl class', 13, 0),
(160, 'slk class', 13, 0),
(161, 'sls class', 13, 0),
(162, 'viano', 13, 0),
(163, '1 series', 14, 0),
(164, '3 series', 14, 0),
(165, '5 series', 14, 0),
(166, '5 series gt', 14, 0),
(167, '6 series', 14, 0),
(168, '7 series', 14, 0),
(169, 'gran turismo', 14, 0),
(170, 'i8', 14, 0),
(171, 'm3', 14, 0),
(172, 'm5', 14, 0),
(173, 'm6', 14, 0),
(174, 'mini', 14, 0),
(175, 'x1', 14, 0),
(176, 'x3', 14, 0),
(177, 'x5', 14, 0),
(178, 'x6', 14, 0),
(179, 'z4', 14, 0),
(180, 'a3', 15, 0),
(181, 'a4', 15, 0),
(182, 'a6', 15, 0),
(183, 'a7', 15, 0),
(184, 'a8', 15, 0),
(185, 'a8l', 15, 0),
(186, 'q3', 15, 0),
(187, 'q5', 15, 0),
(188, 'q7', 15, 0),
(189, 'rs 5', 15, 0),
(190, 'rs 7', 15, 0),
(191, 's6', 15, 0),
(192, 'tt', 15, 0),
(193, 'r 8', 15, 0),
(194, 'stile', 16, 0),
(195, 'db9', 17, 0),
(196, 'dbs', 17, 0),
(197, 'rapide', 17, 0),
(198, 'v12 vantage', 17, 0),
(199, 'v8 vantage', 17, 0),
(200, 'vanquish', 17, 0),
(201, 'zagato', 17, 0),
(202, 'DB10', 17, 0),
(203, 'Go', 18, 0),
(204, 'Go Plus', 18, 0),
(205, 'RediGo', 18, 0),
(206, 'Ambassador', 19, 0),
(207, 'Contessa', 19, 0),
(208, 'Rhino Rx', 20, 0),
(209, 'f type', 21, 0),
(210, 'jaguar xj', 21, 0),
(211, 'xf', 21, 0),
(212, 'xj', 21, 0),
(213, 'xj l', 21, 0),
(214, 'xjl', 21, 0),
(215, 'xk', 21, 0),
(216, 'cedia', 22, 0),
(217, 'lancer', 22, 0),
(218, 'lancer evolution', 22, 0),
(219, 'montero', 22, 0),
(220, 'outlander', 22, 0),
(221, 'pajero', 22, 0),
(222, 'pajero sport', 22, 0),
(223, 'astra', 23, 0),
(224, 'corsa', 23, 0),
(225, 'vectra', 23, 0),
(226, 's60', 24, 0),
(227, 's80', 24, 0),
(228, 'v40 cross country', 24, 0),
(229, 'xc 60', 24, 0),
(230, 'xc 90', 24, 0),
(231, 'volvo s60', 24, 0),
(232, 'volvo', 24, 0),
(233, 've 40 cross', 24, 0),
(234, 'volo', 24, 0),
(235, 'aria', 25, 0),
(236, 'bolt', 25, 0),
(237, 'grande dicor', 25, 0),
(238, 'indica', 25, 0),
(239, 'indica ev2', 25, 0),
(240, 'indica ev2 xeta', 25, 0),
(241, 'indica v2', 25, 0),
(242, 'indica v2 turbo', 25, 0),
(243, 'indica v2 xeta', 25, 0),
(244, 'indica vista', 25, 0),
(245, 'indicab', 25, 0),
(246, 'indigo', 25, 0),
(247, 'indigo cs', 25, 0),
(248, 'indigo ecs', 25, 0),
(249, 'indigo marina', 25, 0),
(250, 'indigo xl', 25, 0),
(251, 'manza', 25, 0),
(252, 'movus', 25, 0),
(253, 'nano', 25, 0),
(254, 'safari', 25, 0),
(255, 'sierra', 25, 0),
(256, 'sumo', 25, 0),
(257, 'sumo gold', 25, 0),
(258, 'sumo grande', 25, 0),
(259, 'tiago', 25, 0),
(260, 'tl', 25, 0),
(261, 'venture', 25, 0),
(262, 'vista tech', 25, 0),
(263, 'winger', 25, 0),
(264, 'xenon xt', 25, 0),
(265, 'zest', 25, 0),
(266, '207', 25, 0),
(267, 'ace', 25, 0),
(268, 'indica  v2', 25, 0),
(269, 'indicaa vista', 25, 0),
(270, 'magic', 25, 0),
(271, 'nano gen x', 25, 0),
(272, 'safari stome', 25, 0),
(273, 'INDICA V3', 25, 0),
(274, 'INDICA V4', 25, 0);

-- --------------------------------------------------------

--
-- Table structure for table `carvariant`
--

CREATE TABLE `carvariant` (
  `id` int(11) NOT NULL,
  `carvariant` varchar(40) COLLATE utf8_unicode_ci NOT NULL,
  `carmodelid` int(11) NOT NULL,
  `delid` int(11) NOT NULL
) ENGINE=InnoDB DEFAULT CHARSET=utf8 COLLATE=utf8_unicode_ci;

--
-- Dumping data for table `carvariant`
--

INSERT INTO `carvariant` (`id`, `carvariant`, `carmodelid`, `delid`) VALUES
(1, 'ac bs iii', 1, 0),
(2, 'std bs iii', 1, 0),
(3, 'ac uniq', 1, 0),
(4, 'duo ac lpg', 1, 0),
(5, 'duo std lpg', 1, 0),
(6, 'std', 1, 0),
(7, 'std bs ii', 1, 0),
(8, 'ac bs ii', 1, 0),
(9, 'ex bs ii', 1, 0),
(10, 'dx', 1, 0),
(11, 'dx bs ii', 1, 0),
(12, 'ex', 1, 0),
(13, 'ex 5speed', 1, 0),
(14, 'std', 2, 0),
(15, 'k10 lxi', 3, 0),
(16, 'k10 vxi', 3, 0),
(17, 'lx bs iv', 3, 0),
(18, 'lx cng', 3, 0),
(19, 'lxi bs iv', 3, 0),
(20, 'lxi cng', 3, 0),
(21, 'std bs iv', 3, 0),
(22, 'std cng', 3, 0),
(23, 'lxi bs iii', 3, 0),
(24, 'std bs iii', 3, 0),
(25, 'lx bs iii', 3, 0),
(26, 'x fun', 3, 0),
(27, 'xcite', 3, 0),
(28, 'ax', 3, 0),
(29, 'lx bs ii', 3, 0),
(30, 'lxi bs ii', 3, 0),
(31, 'std bs ii', 3, 0),
(32, 'lx', 3, 0),
(33, 'lxi', 3, 0),
(34, 'std', 3, 0),
(35, 'vxi', 3, 0),
(36, 'vx-1.1', 3, 0),
(37, 'lx', 4, 0),
(38, 'lx cng', 4, 0),
(39, 'lxi', 4, 0),
(40, 'lxi cng', 4, 0),
(41, 'std', 4, 0),
(42, 'std cng', 4, 0),
(43, 'vxi', 4, 0),
(44, 'vxi airbag', 4, 0),
(45, '1.2 at delta', 5, 0),
(46, '1.2 k12 delta', 5, 0),
(47, '1.2 k12 sigma', 5, 0),
(48, '1.2 k12 zeta', 5, 0),
(49, 'ddis 190 delta', 5, 0),
(50, 'ddis 190 zeta', 5, 0),
(51, 'lxi bs iii', 5, 0),
(52, 'vxi bs iii', 5, 0),
(53, 'lxi', 5, 0),
(54, 'vxi', 5, 0),
(55, 'altura', 5, 0),
(56, 'std', 5, 0),
(57, '1.2 k 12 alpha', 5, 0),
(58, 'ddis 190alpha', 5, 0),
(59, 'ddis 190sigma', 5, 0),
(60, 'ldi mt', 6, 0),
(61, 'lxi at', 6, 0),
(62, 'lxi mt', 6, 0),
(63, 'vdi mt', 6, 0),
(64, 'vxi at', 6, 0),
(65, 'vxi cng', 6, 0),
(66, 'vxi mt', 6, 0),
(67, 'zdi', 6, 0),
(68, 'zdi mt', 6, 0),
(69, 'zxi mt', 6, 0),
(70, 'zxi o mt', 6, 0),
(71, 'vdi', 7, 0),
(72, 'vdi plus', 7, 0),
(73, 'vdi shvs mt', 7, 0),
(74, 'vxi', 7, 0),
(75, 'vxi m/t', 7, 0),
(76, 'vxi plus', 7, 0),
(77, 'vxi plus at', 7, 0),
(78, 'zdi', 7, 0),
(79, 'zdi o', 7, 0),
(80, 'zdi rs shvs mt', 7, 0),
(81, 'zdi shvs mt', 7, 0),
(82, 'zxi', 7, 0),
(83, 'zxi at', 7, 0),
(84, 'zxi o', 7, 0),
(85, 'zxi rs mt', 7, 0),
(86, 'vdi o shvs mt', 7, 0),
(87, 'vxi o mt', 7, 0),
(88, '5 str', 8, 0),
(89, '5 str cng with htr', 8, 0),
(90, '5 str cng with  ac plus htr', 8, 0),
(91, '5 str with ac plus htr', 8, 0),
(92, '7str', 8, 0),
(93, '5 str cng with ac plus htr', 8, 0),
(94, 'ldi', 9, 0),
(95, 'lxi', 9, 0),
(96, 'lxi cng', 9, 0),
(97, 'vdi', 9, 0),
(98, 'vxi', 9, 0),
(99, 'vxi abs', 9, 0),
(100, 'vxi cng', 9, 0),
(101, 'zdi', 9, 0),
(102, 'zdi+', 9, 0),
(103, 'zxi', 9, 0),
(104, 'zxi+', 9, 0),
(105, 'ldi o', 9, 0),
(106, 'lxi o', 9, 0),
(107, 'lx bs iii', 10, 0),
(108, 'lxi bs iii', 10, 0),
(109, 'vxi bs iii', 10, 0),
(110, 'lx bs ii', 10, 0),
(111, 'lxi bs ii', 10, 0),
(112, 'vxi bs ii', 10, 0),
(113, 'ax bs ii', 10, 0),
(114, 'd', 10, 0),
(115, 'di', 10, 0),
(116, 'ax', 10, 0),
(117, 'lx', 10, 0),
(118, 'vx', 10, 0),
(119, 'vx bs ii', 10, 0),
(120, 'vxi at abs', 10, 0),
(121, '2.0 at', 11, 0),
(122, '2.0 mt', 11, 0),
(123, '2.4 at', 11, 0),
(124, '2.4 mt', 11, 0),
(125, 'xl 7 at', 11, 0),
(126, 'xl 7 mt', 11, 0),
(127, 'king ht bs iv', 12, 0),
(128, 'king st bs iv', 12, 0),
(129, 'king ht bs iii', 12, 0),
(130, 'king st bs iii', 12, 0),
(131, 'king ht bs ii', 12, 0),
(132, 'king st bs ii', 12, 0),
(133, 'king ht', 12, 0),
(134, 'king st', 12, 0),
(135, 'cvt', 13, 0),
(136, 'mt', 13, 0),
(137, '5 seater bs iv', 14, 0),
(138, '8 seater bs iv', 14, 0),
(139, 'lpg bs iv', 14, 0),
(140, 'cargo bs iv', 14, 0),
(141, 'cargo lpg bs iii', 14, 0),
(142, '8 seater bs iii', 14, 0),
(143, 'lpg bs iii', 14, 0),
(144, '5 seater bs ii', 14, 0),
(145, '8 seater bs ii', 14, 0),
(146, 'cng', 14, 0),
(147, '5 seater', 14, 0),
(148, '8 seater', 14, 0),
(149, '5 seter bs iii', 14, 0),
(150, 'executive', 15, 0),
(151, 'executive gle', 15, 0),
(152, 'executive gle lpg', 15, 0),
(153, 'cng', 15, 0),
(154, 'gle', 15, 0),
(155, 'crdi', 15, 0),
(156, 'gls 1.6', 15, 0),
(157, 'gls 1.6 abs', 15, 0),
(158, 'viva', 15, 0),
(159, 'viva abs', 15, 0),
(160, 'viva crdi', 15, 0),
(161, 'gls', 15, 0),
(162, 'glx', 15, 0),
(163, 'gtx tornado', 15, 0),
(164, 'gvs', 15, 0),
(165, 'dls', 15, 0),
(166, 'gle i', 15, 0),
(167, 'exeutive lpg', 15, 0),
(168, '1.4 base', 16, 0),
(169, '1.4 s', 16, 0),
(170, '1.4 s plus', 16, 0),
(171, '1.6 base', 16, 0),
(172, '1.6 s', 16, 0),
(173, '1.6 sx', 16, 0),
(174, '1.6 sx (o)', 16, 0),
(175, '1.6 sx plus auto', 16, 0),
(176, '1.6 sx plus diesel', 16, 0),
(177, '1.6 sx plus petrol', 16, 0),
(178, 'base mt', 17, 0),
(179, 'l mt', 17, 0),
(180, 'sx at', 17, 0),
(181, 'crdi', 17, 0),
(182, 'crdi decontent', 17, 0),
(183, 'crdi leather', 17, 0),
(184, 'gls', 17, 0),
(185, 'gls leather', 17, 0),
(186, 'gt', 17, 0),
(187, 'gt decontent', 17, 0),
(188, '1.4 crdi asta (o)', 18, 0),
(189, 'asta 1.2', 18, 0),
(190, 'asta 1.4 crdi', 18, 0),
(191, 'era 1.2', 18, 0),
(192, 'era 1.4 crdi', 18, 0),
(193, 'magna 1.2', 18, 0),
(194, 'magna 1.4 crdi', 18, 0),
(195, 'sportz 1.2', 18, 0),
(196, 'sportz 1.2 opt', 18, 0),
(197, 'sportz 1.4', 18, 0),
(198, 'sportz opt 1.4', 18, 0),
(199, 'asta 1.2(o)', 18, 0),
(200, 'd lite', 19, 0),
(201, 'd lite plus', 19, 0),
(202, 'd lite plus lpg', 19, 0),
(203, 'era plus', 19, 0),
(204, 'era plus lpg', 19, 0),
(205, 'magna plus', 19, 0),
(206, 'magna plus lpg', 19, 0),
(207, 'sportz', 19, 0),
(208, 'era', 19, 0),
(209, 'magna', 19, 0),
(210, 'magna +(o) 1.0 litre kappa', 19, 0),
(211, 'gle', 20, 0),
(212, 'gls', 20, 0),
(213, 'glx', 20, 0),
(214, 'gvs', 20, 0),
(215, 'gl', 20, 0),
(216, 'gls abs', 20, 0),
(217, '1.1 gle', 21, 0),
(218, '1.1 gvs', 21, 0),
(219, '1.1 gvs option', 21, 0),
(220, '1.3 gls', 21, 0),
(221, '1.3 glx', 21, 0),
(222, '1.3 gvs', 21, 0),
(223, '1.5 gvs crdi', 21, 0),
(224, '1.1 crdi asta o', 22, 0),
(225, '1.2 kappa asta', 22, 0),
(226, '1.2 kappa asta at', 22, 0),
(227, '1.2 kappa asta o', 22, 0),
(228, '1.2 kappa era', 22, 0),
(229, '1.2 kappa magna', 22, 0),
(230, '1.2 kappa sportz', 22, 0),
(231, '1.2 kappa sportz at', 22, 0),
(232, 'asta 1.1 crdi', 22, 0),
(233, 'asta 1.1 crdi opt', 22, 0),
(234, 'asta 1.2 kappa vtvt', 22, 0),
(235, 'asta 1.2 kappa vtvt opt', 22, 0),
(236, 'asta at 1.2 kappa vtvt', 22, 0),
(237, 'era 1.1 crdi', 22, 0),
(238, 'era 1.2 kappa vtvt', 22, 0),
(239, 'magna 1.1 crdi', 22, 0),
(240, 'magna 1.2 kappa vtvt', 22, 0),
(241, 'sportz 1.1 crdi', 22, 0),
(242, 'sportz 1.2 kappa vtvt', 22, 0),
(243, 'sportz at 1.2 kappa vtvt', 22, 0),
(244, '1.1 magna lpg', 23, 0),
(245, '1.1 sportz lpg', 23, 0),
(246, 'era 1.1 1rde2', 23, 0),
(247, 'magna 1.1 lpg', 23, 0),
(248, 'asta 1.2 at kappa2 with sunroof', 23, 0),
(249, 'asta 1.2 kappa2', 23, 0),
(250, 'era 1.1 lpg', 23, 0),
(251, 'magna 1.2 kappa2', 23, 0),
(252, 'sportz 1.2 at kappa2', 23, 0),
(253, 'sportz 1.2 kappa2', 23, 0),
(254, 'sportz 1.2 kappa2 o', 23, 0),
(255, 'asta 1.2', 23, 0),
(256, 'asta 1.2 at with sunroof', 23, 0),
(257, 'asta 1.2 with sunroof', 23, 0),
(258, 'd lite', 23, 0),
(259, 'magna', 23, 0),
(260, 'magna 1.2', 23, 0),
(261, 'magna 1.2 at', 23, 0),
(262, 'sportz 1.2', 23, 0),
(263, 'sportz 1.2 at', 23, 0),
(264, 'era', 23, 0),
(265, 'magna o', 23, 0),
(266, 'magna o with sunroof', 23, 0),
(267, 'd lite 1.1 1rde2', 23, 0),
(268, 'magna 1.1 1rde2', 23, 0),
(269, 'sportz 1.1 1rde2', 23, 0),
(270, '1.2 era', 24, 0),
(271, '1.4 crdi era', 24, 0),
(272, 'asta 1.2', 24, 0),
(273, 'asta 1.2 o with sunroof', 24, 0),
(274, 'asta 1.4 crdi', 24, 0),
(275, 'era 1.2 bs iv', 24, 0),
(276, 'era 1.4 crdi', 24, 0),
(277, 'magna 1.2', 24, 0),
(278, 'magna 1.4 crdi', 24, 0),
(279, 'magna o 1.2', 24, 0),
(280, 'magna o 1.4 crdi', 24, 0),
(281, 'sportz 1.2 bs iv', 24, 0),
(282, 'sportz 1.4 crdi', 24, 0),
(283, 'sportz at 1.4', 24, 0),
(284, 'asta 1.2 with avn', 24, 0),
(285, 'asta 1.4 at', 24, 0),
(286, 'asta 1.4 at with avn', 24, 0),
(287, 'sportz 1.2 o', 24, 0),
(288, 'asta 1.4 crdi 6 speed', 24, 0),
(289, 'asta 1.4 with avn crdi', 24, 0),
(290, 'asta 1.4 with avn crdi 6 speed', 24, 0),
(291, 'era 1.4 crdi 6 speed bs iv', 24, 0),
(292, 'magna 1.4 crdi 6 speed', 24, 0),
(293, 'sportz 1.4 crdi 6 speed bs iv', 24, 0),
(294, 'sportz 1.4 crdi 6 speed o', 24, 0),
(295, 'asta 1.2 o', 24, 0),
(296, 'asta 1.4 at o with sunroof', 24, 0),
(297, 'asta diesel 1.4 o with sunroof', 24, 0),
(298, '1.2', 25, 0),
(299, '1.2 s', 25, 0),
(300, '1.2 sx', 25, 0),
(301, '1.4', 25, 0),
(302, '1.4 s', 25, 0),
(303, '1.4 sx', 25, 0),
(304, '1.4 sx (o)', 25, 0),
(305, '1.8 s', 26, 0),
(306, '1.8 sx at', 26, 0),
(307, '1.8 sx mt', 26, 0),
(308, '1.6 base', 26, 0),
(309, '1.6 s mt', 26, 0),
(310, '1.6 sx at', 26, 0),
(311, '1.6 sx mt', 26, 0),
(312, 'at', 27, 0),
(313, 'gs zip plus', 27, 0),
(314, 'le zip plus', 27, 0),
(315, 'lp zip plus', 27, 0),
(316, 'ls zip plus', 27, 0),
(317, 'gs zip drive euro i', 27, 0),
(318, 'gs zip drive euro ii', 27, 0),
(319, 'le', 27, 0),
(320, 'lp euro i', 27, 0),
(321, 'lp euro ii', 27, 0),
(322, 'ls zip drive euro i', 27, 0),
(323, 'ls zip drive euro ii', 27, 0),
(324, 'gl cng', 28, 0),
(325, 'gl plus', 28, 0),
(326, 'gl plus lpg', 28, 0),
(327, 'gls', 28, 0),
(328, 'gls lpg', 28, 0),
(329, 'non ac', 28, 0),
(330, 'gl', 28, 0),
(331, 'gl lpg', 28, 0),
(332, 'gls cng', 28, 0),
(333, 'gls at', 28, 0),
(334, 'xk erlx euro iii', 28, 0),
(335, 'xk non ac erlx euro iii', 28, 0),
(336, 'xl at erlx euro iii', 28, 0),
(337, 'xg', 28, 0),
(338, 'xg at', 28, 0),
(339, 'xg at erlx euro ii', 28, 0),
(340, 'xg at erlx euro iii', 28, 0),
(341, 'xg erlx euro ii', 28, 0),
(342, 'xg erlx euro iii', 28, 0),
(343, 'xl erlx euro iii', 28, 0),
(344, 'xo erlx euro iii', 28, 0),
(345, 'xk erlx euro ii', 28, 0),
(346, 'xk non ac erlx euro ii', 28, 0),
(347, 'xl at erlx euro ii', 28, 0),
(348, 'xp', 28, 0),
(349, 'xe', 28, 0),
(350, 'xl erlx euro ii', 28, 0),
(351, 'xo erlx euro ii', 28, 0),
(352, 'xs', 28, 0),
(353, 'xs erlx euro ii', 28, 0),
(354, 'xs erlx euro iii', 28, 0),
(355, '2.4 gdi at', 29, 0),
(356, '2.4 gdi mt', 29, 0),
(357, '2.7 v6', 29, 0),
(358, 'gold', 29, 0),
(359, 'gls', 29, 0),
(360, 's20', 29, 0),
(361, '2.0 crdi', 30, 0),
(362, '2.0 crdi at', 30, 0),
(363, '2.4 at fabric', 30, 0),
(364, '2.4 at leather', 30, 0),
(365, '2.4 mt fabric', 30, 0),
(366, '2.4 mt leather', 30, 0),
(367, '2.0 crdi at', 31, 0),
(368, '2.0 crdi mt', 31, 0),
(369, '2.4 vtvt', 31, 0),
(370, 'Crdi', 32, 0),
(371, 'Crdi', 33, 0),
(372, '2wd at gl diesel', 34, 0),
(373, '2wd at gl petrol', 34, 0),
(374, '2wd at gls diesel', 34, 0),
(375, '2wd mt diesel', 34, 0),
(376, '2wd mt petrol', 34, 0),
(377, '1.4 gl vtvt mt', 35, 0),
(378, '1.6 sx crdi at', 35, 0),
(379, '1.6 sx vtvt at', 35, 0),
(380, 'crdi 1.6 ex at', 35, 0),
(381, 'fluidic 1.4 crdi', 35, 0),
(382, 'fluidic 1.4 crdi gl', 35, 0),
(383, 'fluidic 1.4 vtvt', 35, 0),
(384, 'fluidic 1.4 vtvt gx', 35, 0),
(385, 'fluidic 1.6 crdi sx', 35, 0),
(386, 'fluidic 1.6 crdi sx at', 35, 0),
(387, 'fluidic 1.6 crdi sx opt', 35, 0),
(388, 'fluidic 1.6 crdi sx opt at', 35, 0),
(389, 'fluidic 1.6 ex crdi', 35, 0),
(390, 'fluidic 1.6 ex vtvt at', 35, 0),
(391, 'fluidic 1.6 sx crdi', 35, 0),
(392, 'fluidic 1.6 sx crdi opt', 35, 0),
(393, 'fluidic 1.6 sx crdi opt at', 35, 0),
(394, 'fluidic 1.6 sx vtvt', 35, 0),
(395, 'fluidic 1.6 sx vtvt opt', 35, 0),
(396, 'fluidic 1.6 sx vtvt opt at', 35, 0),
(397, 'fluidic 1.6 vtvt sx', 35, 0),
(398, 'fluidic 1.6 vtvt sx at', 35, 0),
(399, 'fluidic 1.6 vtvt sx opt', 35, 0),
(400, '1.4 cx crdi mt', 35, 0),
(401, '1.4 cx vtvt mt', 35, 0),
(402, 'fluidic 1.6 ex crdi at', 35, 0),
(403, 'fluidic 1.4 ex crdi', 35, 0),
(404, 'fluidic 1.4 vtvt gl', 35, 0),
(405, 'transform 1.5 crdi', 35, 0),
(406, 'transform 1.5 sx at crdi', 35, 0),
(407, 'transform 1.5 sx crdi', 35, 0),
(408, 'transform 1.6 sx vtvt', 35, 0),
(409, 'transform 1.6 vtvt', 35, 0),
(410, 'vgt crdi', 35, 0),
(411, 'vgt crdi 1.5', 35, 0),
(412, 'vgt crdi abs', 35, 0),
(413, 'vgt crdi sx', 35, 0),
(414, 'vgt crdi sx 1.5', 35, 0),
(415, 'vgt crdi sx abs', 35, 0),
(416, 'vgt crdi sx at 1.5', 35, 0),
(417, 'vtvt 1.6', 35, 0),
(418, 'vtvt sx 1.6', 35, 0),
(419, 'xi', 35, 0),
(420, 'xxi', 35, 0),
(421, 'xxi abs', 35, 0),
(422, 'base 1.1 crdi', 36, 0),
(423, 'base 1.2', 36, 0),
(424, 's 1.1 crdi', 36, 0),
(425, 's 1.1 crdi opt', 36, 0),
(426, 's 1.2', 36, 0),
(427, 's 1.2 opt', 36, 0),
(428, 's at 1.2 opt', 36, 0),
(429, 'sx 1.1 crdi', 36, 0),
(430, 'sx 1.1 crdi opt', 36, 0),
(431, 'sx 1.2', 36, 0),
(432, 'sx 1.2 opt', 36, 0),
(433, 'sx at 1.2 opt', 36, 0),
(434, '2wd', 37, 0),
(435, '4wd', 37, 0),
(436, '4wd AT', 37, 0),
(437, '2.4 mt', 38, 0),
(438, '2.4 at', 38, 0),
(439, '3.5 v6', 38, 0),
(440, '3.5 v6 inspire', 38, 0),
(441, '2.4 elegance at', 38, 0),
(442, '2.4 elegance mt', 38, 0),
(443, '2.4 inspire at', 38, 0),
(444, '2.4 inspire mt', 38, 0),
(445, '2.4 vti l at', 38, 0),
(446, '2.4 vti l mt', 38, 0),
(447, '3.0 v6 at', 38, 0),
(448, '2.3 vti l at', 38, 0),
(449, '2.3 vti l mt', 38, 0),
(450, '2.3 vti at', 38, 0),
(451, '2.3 vti mt', 38, 0),
(452, '1.2 emt i vtec', 39, 0),
(453, '1.2 exmt i vtec', 39, 0),
(454, '1.2 sat i vtec', 39, 0),
(455, '1.2 smt i vtec', 39, 0),
(456, '1.2 vxat i vtec', 39, 0),
(457, '1.2 vxmt i vtec', 39, 0),
(458, '1.5 emt i dtec', 39, 0),
(459, '1.5 smt i dtec', 39, 0),
(460, '1.5 vxmt i dtec', 39, 0),
(461, 'sx mt', 39, 0),
(462, 'sx mt [diesel]', 39, 0),
(463, '1.2 vxmt (o) i vtec', 39, 0),
(464, '1.5 exmt i dtec', 39, 0),
(465, '1.5 vxmt (o) i dtec', 39, 0),
(466, 'e mt', 40, 0),
(467, 'ex mt', 40, 0),
(468, 's mt', 40, 0),
(469, 'v mt', 40, 0),
(470, 'vx at', 40, 0),
(471, 'vx mt', 40, 0),
(472, 'vxbl at', 40, 0),
(473, 'vxbl mt', 40, 0),
(474, 's mt o', 40, 0),
(475, '1.5 e mt', 41, 0),
(476, '1.5 s mt', 41, 0),
(477, '1.5 v mt', 41, 0),
(478, 'e mt diesel', 41, 0),
(479, 's mt diesel', 41, 0),
(480, 'sv cvt petrol', 41, 0),
(481, 'sv mt diesel', 41, 0),
(482, 'sv mt petrol', 41, 0),
(483, 'v mt diesel', 41, 0),
(484, 'vx cvt petrol', 41, 0),
(485, 'vx mt diesel', 41, 0),
(486, 'vx mt petrol', 41, 0),
(487, '1.5 corporate mt', 41, 0),
(488, '1.5 v at', 41, 0),
(489, '1.5 v at sun roof', 41, 0),
(490, '1.5 v mt sun roof', 41, 0),
(491, 's mt cng', 41, 0),
(492, 'v mt avn', 41, 0),
(493, 'v mt cng', 41, 0),
(494, '1.5 s elegance', 41, 0),
(495, '1.5 s inspire', 41, 0),
(496, '1.5 v elegance', 41, 0),
(497, '1.5 v inspire', 41, 0),
(498, '1.5 s at', 41, 0),
(499, '1.5 exi', 41, 0),
(500, '1.5 gxi', 41, 0),
(501, '1.5 gxi cvt', 41, 0),
(502, '1.3 dxi', 41, 0),
(503, '1.3 exi', 41, 0),
(504, '1.3 lxi', 41, 0),
(505, '1.5 exi at', 41, 0),
(506, '1.5 exi s', 41, 0),
(507, 'vtec', 41, 0),
(508, 'cvt', 42, 0),
(509, 'exi', 42, 0),
(510, 'gxi', 42, 0),
(511, 'vtec', 42, 0),
(512, 'vtec plus', 42, 0),
(513, '1.8s mt', 43, 0),
(514, '1.8v at', 43, 0),
(515, '1.8v at sun roof', 43, 0),
(516, '1.8v mt', 43, 0),
(517, '1.8v mt sun roof', 43, 0),
(518, '1.8e mt', 43, 0),
(519, '1.8s at', 43, 0),
(520, 'sport', 43, 0),
(521, 'cvt', 44, 0),
(522, '2.0 2wd', 45, 0),
(523, '2.0 2wd at', 45, 0),
(524, '2.4 at', 45, 0),
(525, '2.4 l 4wd avn', 45, 0),
(526, '2.4 mt', 45, 0),
(527, '2.0 at', 45, 0),
(528, 'e mt petrol', 46, 0),
(529, 's at petrol', 46, 0),
(530, 's m t diesel', 46, 0),
(531, 's mt petrol', 46, 0),
(532, 'v at petrol', 46, 0),
(533, 'v mt petrol', 46, 0),
(534, 's', 46, 0),
(535, 'select', 46, 0),
(536, 'x', 46, 0),
(537, 'base', 46, 0),
(538, 'active', 46, 0),
(539, 'mode', 46, 0),
(540, 'e i - dtec', 47, 0),
(541, 'e i - vtec', 47, 0),
(542, 'rs i - dtec', 47, 0),
(543, 'rs opt i - dtec', 47, 0),
(544, 's i - dtec', 47, 0),
(545, 's i - vtec', 47, 0),
(546, 'v i -dtec', 47, 0),
(547, 'v i -vtec', 47, 0),
(548, 'v opt i - dtec', 47, 0),
(549, 'v opt i - vtec', 47, 0),
(550, '2.5 at', 48, 0),
(551, 'hybrid', 48, 0),
(552, 'w1 mt', 48, 0),
(553, 'w2 at', 48, 0),
(554, 'w3 mt', 48, 0),
(555, 'w4 at', 48, 0),
(556, 'v4 mt', 48, 0),
(557, 'v6 at', 48, 0),
(558, 'v1', 48, 0),
(559, 'v3', 48, 0),
(560, 'h1 1.8 j', 49, 0),
(561, 'h2 1.8 e', 49, 0),
(562, 'h3 1.8 g', 49, 0),
(563, 'h4 1.8 g', 49, 0),
(564, 'h5 1.8 e', 49, 0),
(565, 'he 1.8 j', 49, 0),
(566, '1.4 vd', 50, 0),
(567, 'cross 1.2 g', 50, 0),
(568, 'cross 1.4 gd', 50, 0),
(569, 'cross 1.5 v', 50, 0),
(570, 'g', 50, 0),
(571, 'g sp', 50, 0),
(572, 'gd', 50, 0),
(573, 'gd sp', 50, 0),
(574, 'j', 50, 0),
(575, 'j ps', 50, 0),
(576, 'jd', 50, 0),
(577, 'v', 50, 0),
(578, 'v sp', 50, 0),
(579, 'vd', 50, 0),
(580, 'vd sp', 50, 0),
(581, 'vx', 50, 0),
(582, 'vx d', 50, 0),
(583, 'd 4d gd', 51, 0),
(584, 'd 4d gd sp', 51, 0),
(585, 'd 4d vd', 51, 0),
(586, 'd 4d vd sp', 51, 0),
(587, 'd-4d vxd', 51, 0),
(588, 'g', 51, 0),
(589, 'g sp', 51, 0),
(590, 'gd', 51, 0),
(591, 'gd sp', 51, 0),
(592, 'j', 51, 0),
(593, 'j ps', 51, 0),
(594, 'jd', 51, 0),
(595, 'trd sportive petrol', 51, 0),
(596, 'trd sportivo diesel', 51, 0),
(597, 'v', 51, 0),
(598, 'v sp', 51, 0),
(599, 'vx', 51, 0),
(600, '2.7 4x2 at', 52, 0),
(601, '2.7 4x2 mt', 52, 0),
(602, '2.8 4x2 at', 52, 0),
(603, '2.8 4x2 mt', 52, 0),
(604, '2.8 4x4 at', 52, 0),
(605, '2.8 4x4 mt', 52, 0),
(606, '3.0 at 4x2', 52, 0),
(607, '3.0 at 4x4', 52, 0),
(608, '3.0 limited edition', 52, 0),
(609, '3.0 mt 4x2', 52, 0),
(610, '3.0 mt 4x4', 52, 0),
(611, 'sportivo 4x2 at', 52, 0),
(612, 'sportivo 4x2 mt', 52, 0),
(613, '2.0 g 8 str bs iv', 53, 0),
(614, '2.0 gx 8 str bs iv', 53, 0),
(615, '2.0 vx 7 str bs iv', 53, 0),
(616, '2.5 e ps 7 str bs iv', 53, 0),
(617, '2.5 e ps 8 str bs iv', 53, 0),
(618, '2.5 gx 7 str bs iv', 53, 0),
(619, '2.5 gx 8 str bs iv', 53, 0),
(620, '2.5 vx 7 str bs iv', 53, 0),
(621, '2.5 vx 8 str bs iv', 53, 0),
(622, '2.5 z 7 seater', 53, 0),
(623, '2.5 zx 7 str bs iv', 53, 0),
(624, '2.0 g1 8 str bs iv', 53, 0),
(625, '2.0 vx 8 str bs iv', 53, 0),
(626, '2.5 e ms 7 str bs iv', 53, 0),
(627, '2.5 e ms 8 str bs iv', 53, 0),
(628, '2.5 ev cs 7 str bs iv', 53, 0),
(629, '2.5 ev ms 7 str bs iv', 53, 0),
(630, '2.5 ev ms 8 str bs iv', 53, 0),
(631, '2.5 ev ps 7 str bs iv', 53, 0),
(632, '2.5 ev ps 8 str bs iv', 53, 0),
(633, '2.5 g1 bs iv', 53, 0),
(634, '2.5 ev ps 7 str', 53, 0),
(635, 'crysta 2.5 vx bs iv', 53, 0),
(636, '2.0 e', 53, 0),
(637, '2.0 g1', 53, 0),
(638, '2.0 g2', 53, 0),
(639, '2.0 g3', 53, 0),
(640, '2.0 g4', 53, 0),
(641, '2.0 gx 8 str', 53, 0),
(642, '2.0 v', 53, 0),
(643, '2.5 e', 53, 0),
(644, '2.5 e 8 str', 53, 0),
(645, '2.5 ev ms 7 str', 53, 0),
(646, '2.5 ev ms 8 str', 53, 0),
(647, '2.5 ev ps 8 str', 53, 0),
(648, '2.5 g1', 53, 0),
(649, '2.5 g2', 53, 0),
(650, '2.5 g3', 53, 0),
(651, '2.5 g4 7 str', 53, 0),
(652, '2.5 g4 8 str', 53, 0),
(653, '2.5 v 7str', 53, 0),
(654, '2.5 v 8 str', 53, 0),
(655, '2.5 e ms 7 str bs iii', 53, 0),
(656, '2.5 e ms 8 str bs iii', 53, 0),
(657, '2.5 e ps 7 str bs iii', 53, 0),
(658, '2.5 e ps 8 str bs iii', 53, 0),
(659, '2.5 GX 8 STR', 53, 0),
(660, '2.5 VX 8 STR', 53, 0),
(661, '2.4 g 7 str', 54, 0),
(662, '2.4 g 8 str', 54, 0),
(663, '2.4 gx 7 str', 54, 0),
(664, '2.4 gx 8 str', 54, 0),
(665, '2.4 vx 7 str', 54, 0),
(666, '2.4 vx 8 str', 54, 0),
(667, '2.4 zx 7 str', 54, 0),
(668, '2.7 gx 7 str', 54, 0),
(669, '2.7 gx 8 str', 54, 0),
(670, '2.7 gx at 7 str', 54, 0),
(671, '2.7 gx at 8 str', 54, 0),
(672, '2.7 vx 7 str', 54, 0),
(673, '2.7 zx at 7 str', 54, 0),
(674, '2.8 gx at 7 str', 54, 0),
(675, '2.8 gx at 8 str', 54, 0),
(676, '2.8 zx at 7 str', 54, 0),
(677, 'lc200 vx', 55, 0),
(678, 'lc200 vx 1 standard', 55, 0),
(679, 'lc200 vx 2 premium', 55, 0),
(680, '4x4', 56, 0),
(681, 'gx l', 56, 0),
(682, 'vx l', 56, 0),
(683, 'vx', 56, 0),
(684, '1.8', 57, 0),
(685, '1.8 z5', 57, 0),
(686, '1.8 z6', 57, 0),
(687, 'base 1.8', 57, 0),
(688, '1.8 z3', 57, 0),
(689, '1.8 z4', 57, 0),
(690, 'fs f2', 58, 0),
(691, 'fs f3', 58, 0),
(692, 'fs f5', 58, 0),
(693, 'fs f6', 58, 0),
(694, 'fs f7', 58, 0),
(695, 'gs g1', 58, 0),
(696, 'gs g4', 58, 0),
(697, 'gs g5', 58, 0),
(698, 'gs g8', 58, 0),
(699, 'gs g9', 58, 0),
(700, 'myst l5', 58, 0),
(701, 'myst l6', 58, 0),
(702, 'rs e2', 58, 0),
(703, 'rs e3', 58, 0),
(704, 'rst', 58, 0),
(705, 'fs b1', 58, 0),
(706, 'fs b2', 58, 0),
(707, 'fs b3', 58, 0),
(708, 'fs b4', 58, 0),
(709, 'fs b5', 58, 0),
(710, 'fs b6', 58, 0),
(711, 'gs c1', 58, 0),
(712, 'gs c3', 58, 0),
(713, 'gs c4', 58, 0),
(714, 'gs c5', 58, 0),
(715, 'gs c7', 58, 0),
(716, 'gs c8', 58, 0),
(717, 'gst d2', 58, 0),
(718, 'gst d3', 58, 0),
(719, 'gst d5', 58, 0),
(720, 'gst d6', 58, 0),
(721, '1.8 g', 59, 0),
(722, '1.8 g at', 59, 0),
(723, '1.8 gl', 59, 0),
(724, '1.8 js', 59, 0),
(725, '1.8 vl', 59, 0),
(726, '1.8 vl at', 59, 0),
(727, 'd 4d g', 59, 0),
(728, 'd 4d gl', 59, 0),
(729, 'd 4d j', 59, 0),
(730, 'd 4d js', 59, 0),
(731, 'g diesel', 59, 0),
(732, 'gl diesel', 59, 0),
(733, 'j diesel', 59, 0),
(734, 'cng 1.4', 60, 0),
(735, 'ls 1.4', 60, 0),
(736, 'lt 1.4', 60, 0),
(737, 'lt 1.4 abs', 60, 0),
(738, 'lt 1.6 abs', 60, 0),
(739, 'lt 1.6', 60, 0),
(740, '1.4', 60, 0),
(741, 'e 1.4', 60, 0),
(742, 'ls 1.4 ltd', 60, 0),
(743, 'lt 1.6 opt', 60, 0),
(744, 'ls 1.2', 61, 0),
(745, 'lt 1.2', 61, 0),
(746, '1.2', 61, 0),
(747, 'ls 1.2 techno', 61, 0),
(748, 'lt 1.2 abs', 61, 0),
(749, 'lt 1.2 abs airbag', 61, 0),
(750, 'ls diesel', 62, 0),
(751, 'ls lpg', 62, 0),
(752, 'ls petrol', 62, 0),
(753, 'lt diesel', 62, 0),
(754, 'lt lpg', 62, 0),
(755, 'lt opt diesel', 62, 0),
(756, 'lt opt petrol', 62, 0),
(757, 'lt petrol', 62, 0),
(758, 'ltz diesel', 62, 0),
(759, 'ltz petrol', 62, 0),
(760, 'ps diesel', 62, 0),
(761, 'ps petrol', 62, 0),
(762, 'lt', 63, 0),
(763, 'lt 2wd mt', 63, 0),
(764, 'ltz awd at', 63, 0),
(765, '2.0 mt', 63, 0),
(766, 'xtreme', 63, 0),
(767, 'lt', 64, 0),
(768, 'ltz', 64, 0),
(769, 'ltz at', 64, 0),
(770, '1.3 ls 7 str', 65, 0),
(771, '1.3 ls 8 str', 65, 0),
(772, '1.3 lt 7 str', 65, 0),
(773, '1.3 ltz 7 str', 65, 0),
(774, '1.3 tcdi lt 8 str', 65, 0),
(775, '1.3 tcdi ltz 8 str', 65, 0),
(776, '1.3 tdci ltz 8 str', 65, 0),
(777, '1.4 ls 7 str', 65, 0),
(778, '1.4 ls 8 str', 65, 0),
(779, '1.4 lt 7 str', 65, 0),
(780, '1.4 lt 8 str', 65, 0),
(781, '1.4 ltz 7 str', 65, 0),
(782, '1.4 ltz 8 str', 65, 0),
(783, 'Awd', 66, 0),
(784, '1.8', 67, 0),
(785, 'elite 1.6', 67, 0),
(786, 'ls elite 1.6', 67, 0),
(787, 'lt 1.8', 67, 0),
(788, 'lt 1.8 at', 67, 0),
(789, 'lt royale 1.6', 67, 0),
(790, 'max 1.8', 67, 0),
(791, 'platinum 1.6', 67, 0),
(792, '1.6', 67, 0),
(793, 'ls 1.6', 67, 0),
(794, 'ls 1.8', 67, 0),
(795, 'ls 1.8 at', 67, 0),
(796, 'ls 1.6', 68, 0),
(797, 'ls 2.0 tcdi', 68, 0),
(798, 'lt 1.6', 68, 0),
(799, 'lt 2.0 tcdi', 68, 0),
(800, 'max 1.6', 68, 0),
(801, 'max 2.0 tcdi', 68, 0),
(802, '1.6', 69, 0),
(803, '1.6 opt', 69, 0),
(804, '1.2 base', 70, 0),
(805, '1.2 ls', 70, 0),
(806, '1.2 ls abs', 70, 0),
(807, '1.2 lt abs', 70, 0),
(808, '1.3 base', 70, 0),
(809, '1.3 ls', 70, 0),
(810, '1.3 ls abs', 70, 0),
(811, '1.3 lt abs', 70, 0),
(812, 'ls 1.0', 71, 0),
(813, 'ls 1.0 lpg', 71, 0),
(814, 'lt 1.0', 71, 0),
(815, 'lt 1.0 lpg', 71, 0),
(816, 'lt 1.0 airbag', 71, 0),
(817, 'ps 1.0', 71, 0),
(818, 'ps 1.0 lpg', 71, 0),
(819, 'e 1.0', 71, 0),
(820, 'lt 1.0 opt', 71, 0),
(821, 'ls 1.0 music', 71, 0),
(822, 'neo 3 10 str bs iii', 72, 0),
(823, 'neo 3 10 str bs iv', 72, 0),
(824, 'neo 3 7 str bs iii', 72, 0),
(825, 'neo 3 7 str bs iv', 72, 0),
(826, 'neo 3 ls 10 str bs iii', 72, 0),
(827, 'neo 3 ls 10 str bs iv', 72, 0),
(828, 'neo 3 ls 7 str bs iii', 72, 0),
(829, 'neo 3 ls 7 str bs iv', 72, 0),
(830, 'neo 3 ls r 10 str bs iv', 72, 0),
(831, 'neo 3 ls r 7 str bs iii', 72, 0),
(832, 'neo 3 lt 8 str bs iii', 72, 0),
(833, 'neo 3 lt 8 str bs iv', 72, 0),
(834, 'neo 3 lt 9 str bs iii', 72, 0),
(835, 'neo 3 lt 9 str bs iv', 72, 0),
(836, 'neo 3 lt r 9 str bs iii', 72, 0),
(837, 'neo 3 max 10 str bs iii', 72, 0),
(838, 'neo 3 max 10 str bs iv', 72, 0),
(839, 'neo 3 max 7 str bs iii', 72, 0),
(840, 'neo 3 max 7 str bs iv', 72, 0),
(841, 'neo3 ls 7 c str bs iii', 72, 0),
(842, 'neo3 lt 7 c str bs iii', 72, 0),
(843, 'neo 3 lt r 9 str bs iv', 72, 0),
(844, 'neo ls b3 10 str bs iii', 72, 0),
(845, 'neo ls b3 7 str bs iii', 72, 0),
(846, 'neo ls b4 7 captain bs iii', 72, 0),
(847, 'neo ls b4 7 str bs iii', 72, 0),
(848, 'neo lt l 7 str bs iii', 72, 0),
(849, 'neo lt l 9 str bs iii', 72, 0),
(850, 'neo ss d1 7 str bs iii', 72, 0),
(851, 'neo ss d1 8 str bs iii', 72, 0),
(852, 'ny b1 10 str bs iii', 72, 0),
(853, 'ny b1 7 str bs iii', 72, 0),
(854, 'ny b2 10 str bs iii', 72, 0),
(855, 'ny b2 7 str bs iii', 72, 0),
(856, 'ny b1 10 str bs ii', 72, 0),
(857, 'ny b1 7 str bs ii', 72, 0),
(858, 'ny b2 10 str bs ii', 72, 0),
(859, 'ny b2 7 str bs ii', 72, 0),
(860, 'ny elite ls b3 10 str bs ii', 72, 0),
(861, 'ny elite ls b3 10 str bs iii', 72, 0),
(862, 'ny elite ls b3 7 str bs ii', 72, 0),
(863, 'ny elite ls b3 7 str bs iii', 72, 0),
(864, 'ny elite lt l1 7 str bs ii', 72, 0),
(865, 'ny elite lt l1 7 str bs iii', 72, 0),
(866, 'ny elite lt l1 9 str bs ii', 72, 0),
(867, 'ny elite lt l1 9 str bs iii', 72, 0),
(868, 'ny elite lt l2 bs ii', 72, 0),
(869, 'ny elite lt l2 bs iii', 72, 0),
(870, 'ny elite ss d1 bs ii', 72, 0),
(871, 'ny elite ss d1 bs iii', 72, 0),
(872, 'b1 10 str bs ii', 72, 0),
(873, 'b1 10 str bs iii', 72, 0),
(874, 'b1 7 str bs ii', 72, 0),
(875, 'b1 7 str bs iii', 72, 0),
(876, 'b2 8 str bs ii', 72, 0),
(877, 'b2 8 str bs iii', 72, 0),
(878, 'elite ls b3 10 str bs ii', 72, 0),
(879, 'elite ls b3 10 str bs iii', 72, 0),
(880, 'elite ls b3 7 str bs ii', 72, 0),
(881, 'elite ls b3 7 str bs iii', 72, 0),
(882, 'elite lt l1 7 str bs ii', 72, 0),
(883, 'elite lt l1 7 str bs iii', 72, 0),
(884, 'elite lt l1 9 str bs ii', 72, 0),
(885, 'elite lt l1 9 str bs iii', 72, 0),
(886, 'elite lt l2 bs ii', 72, 0),
(887, 'elite lt l2 bs iii', 72, 0),
(888, 'elite ss d1 bs ii', 72, 0),
(889, 'elite ss d1 bs iii', 72, 0),
(890, 'ls b3 10 str bs ii', 72, 0),
(891, 'ls b3 10 str bs iii', 72, 0),
(892, 'ls b3 7 str bs ii', 72, 0),
(893, 'ls b3 7 str bs iii', 72, 0),
(894, 'lt l1 7 str bs ii', 72, 0),
(895, 'lt l1 7 str bs iii', 72, 0),
(896, 'lt l1 9 str bs ii', 72, 0),
(897, 'lt l1 9 str bs iii', 72, 0),
(898, 'lt l2 bs ii', 72, 0),
(899, 'lt l2 bs iii', 72, 0),
(900, 'ss d1 bs ii', 72, 0),
(901, 'ss d1 bs iii', 72, 0),
(902, '1.2 base', 73, 0),
(903, '1.2 ls', 73, 0),
(904, '1.2 ls abs', 73, 0),
(905, '1.2 lt abs', 73, 0),
(906, '1.3 ls', 73, 0),
(907, '1.3 ls abs', 73, 0),
(908, '1.3 lt abs', 73, 0),
(909, '1.2 ps', 73, 0),
(910, '1.3 ps', 73, 0),
(911, '1.4 clxi duratorq', 74, 0),
(912, '1.4 lxi duratorq', 74, 0),
(913, '1.4 titanium duratorq', 74, 0),
(914, '1.6 clxi duratec', 74, 0),
(915, '1.6 duratec titanium', 74, 0),
(916, '1.6 lxi duratec', 74, 0),
(917, '1.4 tdci titanium', 74, 0),
(918, '1.0 trend+ (ecoboost)', 75, 0),
(919, 'ambiente 1.5 tdci', 75, 0),
(920, 'ambiente 1.5 ti vct', 75, 0),
(921, 'titanium 1.0 ecoboost', 75, 0),
(922, 'titanium 1.0 ecoboost opt', 75, 0),
(923, 'titanium 1.5 tdci', 75, 0),
(924, 'titanium 1.5 tdci opt', 75, 0),
(925, 'titanium 1.5 ti vct', 75, 0),
(926, 'titanium 1.5 ti vct at', 75, 0),
(927, 'trend 1.5 tdci', 75, 0),
(928, 'trend 1.5 ti vct', 75, 0),
(929, '2.5l 4x2', 76, 0),
(930, '3.0l 4x2 at', 76, 0),
(931, '3.0l 4x4 at', 76, 0),
(932, '3.0l huricance limited edition', 76, 0),
(933, '3.0l thunder plus 4x4', 76, 0),
(934, 'xlt tdci 4x2', 76, 0),
(935, 'xlt tdci 4x2 ltd', 76, 0),
(936, 'xlt tdci 4x4', 76, 0),
(937, 'xlt 4x2', 76, 0),
(938, 'xlt 4x4', 76, 0),
(939, 'alfa 1.6', 77, 0),
(940, 'orion 1.8', 77, 0),
(941, 'sport e 1.6', 77, 0),
(942, 'ambiente petrol', 78, 0),
(943, 'style diesel', 78, 0),
(944, 'titanium diesel', 78, 0),
(945, 'titanium petrol', 78, 0),
(946, 'titanium plus diesel', 78, 0),
(947, 'titanium plus petrol', 78, 0),
(948, 'titanium plus petrol at', 78, 0),
(949, 'trend', 78, 0),
(950, 'trend diesel', 78, 0),
(951, 'style petrol at', 78, 0),
(952, 'style', 78, 0),
(953, 'exi 1.6', 78, 0),
(954, 'exi 1.6 duratec ltd', 78, 0),
(955, 'le 1.6', 78, 0),
(956, 's 1.6', 78, 0),
(957, 'sxi 1.4 tdci abs', 78, 0),
(958, 'sxi 1.6 abs', 78, 0),
(959, 'zxi 1.4 tdci', 78, 0),
(960, 'zxi 1.4 tdci ltd', 78, 0),
(961, 'zxi 1.6', 78, 0),
(962, 'exi 1.4 ltd', 78, 0),
(963, 'exi 1.4 tdci ltd', 78, 0),
(964, 'exi 1.6 ltd', 78, 0),
(965, 'sxi 1.4 tdci', 78, 0),
(966, 'zxi 1.4 tdci abs', 78, 0),
(967, 'zxi 1.6 abs', 78, 0),
(968, 'zxi 1.6 leather', 78, 0),
(969, 'exi 1.4 durasport', 78, 0),
(970, 'zxi 1.6 durasport abs', 78, 0),
(971, 'exi 1.4', 78, 0),
(972, 'exi 1.4 tdci', 78, 0),
(973, 'zxi 1.6 durasport', 78, 0),
(974, 'sxl1.6', 78, 0),
(975, '1.4 tdci titanium', 79, 0),
(976, 'clxi 1.4 tdci', 79, 0),
(977, 'clxi 1.6', 79, 0),
(978, 'lxi 1.4 tdci', 79, 0),
(979, 'lxi 1.6', 79, 0),
(980, 'sxi 1.4 tdci', 79, 0),
(981, 'sxi 1.6', 79, 0),
(982, 'duratec titanium 1.2', 80, 0),
(983, 'duratorq titanium 1.4', 80, 0),
(984, 'exi duratec 1.2', 80, 0),
(985, 'exi duratorq 1.4', 80, 0),
(986, 'lxi duratec 1.2', 80, 0),
(987, 'lxi duratorq 1.4', 80, 0),
(988, 'zxi duratec 1.2', 80, 0),
(989, 'zxi duratorq 1.4', 80, 0),
(990, '1.2 petrol ambiente', 81, 0),
(991, '1.2 petrol titanium', 81, 0),
(992, '1.2 petrol titanium+', 81, 0),
(993, '1.2 petrol trend', 81, 0),
(994, '1.5 at petrol titanium', 81, 0),
(995, '1.5 diesel ambiente', 81, 0),
(996, '1.5 diesel titanium', 81, 0),
(997, '1.5 diesel titanium+', 81, 0),
(998, '1.5 diesel trend', 81, 0),
(999, '1.4 tdci diesel', 82, 0),
(1000, '1.6 petrol', 82, 0),
(1001, 'plus diesel', 82, 0),
(1002, 'plus petrol', 82, 0),
(1003, 'plus', 82, 0),
(1004, 'plus with abs', 82, 0),
(1005, 'dura torq 1.4 tdi', 83, 0),
(1006, 'ikool dura torq 1.4 tdi', 83, 0),
(1007, 'ikool rocam 1.3', 83, 0),
(1008, 'rocam 1.3', 83, 0),
(1009, '1.3 flair', 83, 0),
(1010, '1.3 iris', 83, 0),
(1011, '1.3 exi nxt', 83, 0),
(1012, '1.3 flair josh 100', 83, 0),
(1013, '1.3 lxi nxt', 83, 0),
(1014, '1.6 exi nxt', 83, 0),
(1015, '1.6 exi nxt josh 100', 83, 0),
(1016, '1.6 zxi nxt', 83, 0),
(1017, '1.6 zxi nxt josh 100', 83, 0),
(1018, '1.8 exi nxt', 83, 0),
(1019, '1.8 zxi nxt', 83, 0),
(1020, '1.3 clxi nxt', 83, 0),
(1021, '1.6 sxi nxt', 83, 0),
(1022, '1.8 sxi nxt', 83, 0),
(1023, '1.3 clxi', 83, 0),
(1024, '1.3 clxi nxt finesse', 83, 0),
(1025, '1.3 exi', 83, 0),
(1026, '1.3 nxt', 83, 0),
(1027, '1.6 clxi', 83, 0),
(1028, '1.6 exi', 83, 0),
(1029, '1.6 nxt', 83, 0),
(1030, '1.6 sxi', 83, 0),
(1031, '1.6 zxi', 83, 0),
(1032, '1.8 exi', 83, 0),
(1033, '1.8 nxt', 83, 0),
(1034, '1.8 sxi', 83, 0),
(1035, '1.8 zxi', 83, 0),
(1036, 'ghia duratec', 84, 0),
(1037, 'duratorq di', 84, 0),
(1038, 'duratec he', 84, 0),
(1039, 'ac', 85, 0),
(1040, 'std', 85, 0),
(1041, 'di', 86, 0),
(1042, 'ex ac', 86, 0),
(1043, 'ex ac bs iv', 86, 0),
(1044, 'ex bs iv', 86, 0),
(1045, 'ex non ac', 86, 0),
(1046, 'plus', 86, 0),
(1047, 'plus ac', 86, 0),
(1048, 'plus ac bs iv', 86, 0),
(1049, 'plus bs iv', 86, 0),
(1050, 'plus non ac', 86, 0),
(1051, 'sle', 86, 0),
(1052, 'sle bs iv', 86, 0),
(1053, 'slx', 86, 0),
(1054, 'slx bs iv', 86, 0),
(1055, 'zlx', 86, 0),
(1056, 'plus ac ps', 86, 0),
(1057, 'slx 4wd', 86, 0),
(1058, 'vlx crde', 86, 0),
(1059, 'diz', 86, 0),
(1060, 'invader di', 86, 0),
(1061, 'invader glx', 86, 0),
(1062, 'xl 10 str', 86, 0),
(1063, 'xl 10 str non ac', 86, 0),
(1064, 'xl 7 str', 86, 0),
(1065, 'xl 7 str non ac', 86, 0),
(1066, 'xl 9 str', 86, 0),
(1067, 'xl 9 str non ac', 86, 0),
(1068, 'xls 10 str', 86, 0),
(1069, 'xls 7 str', 86, 0),
(1070, 'sportz', 86, 0),
(1071, 'di dx 7 str', 86, 0),
(1072, 'di dx 8 str', 86, 0),
(1073, 'glx', 86, 0),
(1074, 'lx', 86, 0),
(1075, 'std', 86, 0),
(1076, 'comper', 86, 0),
(1077, 'xls  10 str', 86, 0),
(1078, 'comper dx', 86, 0),
(1079, 'di bs ll', 86, 0),
(1080, 'plus bs lll', 86, 0),
(1081, 'di 4wd bs lll', 86, 0),
(1082, 'plus ac bs lll', 86, 0),
(1083, 'sle bs lll', 86, 0),
(1084, 'slx bs lll', 86, 0),
(1085, 'di ac bs lll', 86, 0),
(1086, 'di bs lll', 86, 0),
(1087, 'k2 6 str', 87, 0),
(1088, 'k2 d 6 str', 87, 0),
(1089, 'k2+ 6 str', 87, 0),
(1090, 'k4 5 str', 87, 0),
(1091, 'k4 6 str', 87, 0),
(1092, 'k4 d 5 str', 87, 0),
(1093, 'k4 d 6 str', 87, 0),
(1094, 'k4+ 5 str', 87, 0),
(1095, 'k4+ d 5 str', 87, 0),
(1096, 'k4+ d 6 str', 87, 0),
(1097, 'k6 5 str', 87, 0),
(1098, 'k6 6 str', 87, 0),
(1099, 'k6 d 5 str', 87, 0),
(1100, 'k6 d 6 str', 87, 0),
(1101, 'k6+ 5 str', 87, 0),
(1102, 'k6+ 6 str', 87, 0),
(1103, 'k6+ d 5 str', 87, 0),
(1104, 'k6+ d 6 str', 87, 0),
(1105, 'k8 6 str', 87, 0),
(1106, 'k8 d 5 str', 87, 0),
(1107, 'k8 d 6 str', 87, 0),
(1108, 'k2+d 6 str', 87, 0),
(1109, 'k6 5  str', 87, 0),
(1110, 'k4  d 6 str', 87, 0),
(1111, 'k8 5str', 87, 0),
(1112, 'c2', 88, 0),
(1113, 'c4', 88, 0),
(1114, 'c6', 88, 0),
(1115, 'c8', 88, 0),
(1116, 'classe', 89, 0),
(1117, 'e20 t2', 89, 0),
(1118, 'standard', 89, 0),
(1119, 'ac', 89, 0),
(1120, 'e20 to', 89, 0),
(1121, 'e20 t20 quick2chagre', 89, 0),
(1122, 'ex', 90, 0),
(1123, 'lx bs iv', 90, 0),
(1124, 's10', 90, 0),
(1125, 's10 4wd', 90, 0),
(1126, 's10 at', 90, 0),
(1127, 's10 at 4wd', 90, 0),
(1128, 's2', 90, 0),
(1129, 's4', 90, 0),
(1130, 's4 plus 4wd', 90, 0),
(1131, 's4plus', 90, 0),
(1132, 's6', 90, 0),
(1133, 's6 plus', 90, 0),
(1134, 's8', 90, 0),
(1135, 'sle bs iv', 90, 0),
(1136, 'vlx 2wd airbag bs iv', 90, 0),
(1137, 'vlx air bag bs iv', 90, 0),
(1138, 'vlx airbag at bs iv', 90, 0),
(1139, 'lx 4wd bs iv', 90, 0),
(1140, 's4 4wd', 90, 0),
(1141, 'vlx 2wd airbag at bs iv', 90, 0),
(1142, 'vlx 4wd airbag at bs iv', 90, 0),
(1143, 'vlx 4wd airbag bs iv', 90, 0),
(1144, 'vlx bs iv', 90, 0),
(1145, 'getaway 2wd', 90, 0),
(1146, 'vlx 2wd bs iv', 90, 0),
(1147, 'vlx 4wd at bs iv', 90, 0),
(1148, 'vlx at bs iv', 90, 0),
(1149, 'dx 2.6 turbo 7 str', 90, 0),
(1150, 'dx 2.6 turbo 8 str', 90, 0),
(1151, 'lx 2.6 turbo', 90, 0),
(1152, 'sle 2.6 crde', 90, 0),
(1153, 'slx 2.6 turbo 7 str', 90, 0),
(1154, 'slx 2.6 turbo 8 str', 90, 0),
(1155, 'vls 2.2 m hawk', 90, 0),
(1156, 'vlx spl edition bs iv', 90, 0),
(1157, '2.6 turbo 7 str', 90, 0),
(1158, '2.6 turbo 9 str', 90, 0),
(1159, '2.6 crde', 90, 0),
(1160, '2.6 dx crde', 90, 0),
(1161, '2.6 slx crde', 90, 0),
(1162, '2.6 sportz crde', 90, 0),
(1163, '2.6', 90, 0),
(1164, '2.6dx', 90, 0),
(1165, '2.6glx', 90, 0),
(1166, '2.6sxl', 90, 0),
(1167, 'rev116', 90, 0),
(1168, 'vlx bs lll', 90, 0),
(1169, 'getaway 4 wd', 90, 0),
(1170, 'vlx u wd at bs lll', 90, 0),
(1171, 'vlx airbag bs lll', 90, 0),
(1172, 'vlx at bs lll', 90, 0),
(1173, 'vlx 4wd airbag bs lll', 90, 0),
(1174, 'vlx 4wd bs lll', 90, 0),
(1175, 'vlx at airbag bs lll', 90, 0),
(1176, 'sle bs lll', 90, 0),
(1177, 'vlx 4wd at bs lll', 90, 0),
(1178, 'lx bs lll', 90, 0),
(1179, 'vxl 2wd airbag bs lll', 90, 0),
(1180, 'vxl 4wd airbag bs lll', 90, 0),
(1181, 'vlx 4 wd bs iv', 90, 0),
(1182, 'vlx 4wd airbag at bs lll', 90, 0),
(1183, 'vlx spl edition bs lll', 90, 0),
(1184, 'vlx 2wd airbag bs 111', 90, 0),
(1185, 'vlx 4 wd bs lll', 90, 0),
(1186, 'vlx 4 wd airbag at bs lll', 90, 0),
(1187, 'crde 4x4 bs iv', 91, 0),
(1188, 'di 2wd', 91, 0),
(1189, 'di 4wd', 91, 0),
(1190, 't4', 92, 0),
(1191, 't4+', 92, 0),
(1192, 't6', 92, 0),
(1193, 't6+', 92, 0),
(1194, 't6+ at', 92, 0),
(1195, 't8', 92, 0),
(1196, 't8 at', 92, 0),
(1197, '1.4 g2 bs iv', 93, 0),
(1198, '1.4 g4 bs iv', 93, 0),
(1199, '1.5 d2 bs iv', 93, 0),
(1200, '1.5 d4 bs iv', 93, 0),
(1201, '1.5 d6 bs iv', 93, 0),
(1202, '1.5 d6 executive bs iv', 93, 0),
(1203, 'd2', 93, 0),
(1204, 'd4', 93, 0),
(1205, 'd6', 93, 0),
(1206, 'd6 executive', 93, 0),
(1207, '1.6 g6 executive bs iv', 93, 0),
(1208, '1.4 g2 bs lll', 93, 0),
(1209, '1.4 g4 bs lll', 93, 0),
(1210, '1.4 g4 play bs lll', 93, 0),
(1211, '1.5 d6 bs lll', 93, 0),
(1212, '1.5 d6 executive bs lll', 93, 0),
(1213, '1.6 g6 executive bs lll', 93, 0),
(1214, '1.5 d2 bs lll', 93, 0),
(1215, '1.5  d4 bs lll', 93, 0),
(1216, '1.5 d4 play bs lll', 93, 0),
(1217, '1.6 g6  executive bs iv', 93, 0),
(1218, '1.5 d4 bs lll', 93, 0),
(1219, '1.5 d2', 94, 0),
(1220, '1.5 d4', 94, 0),
(1221, '1.5 d6', 94, 0),
(1222, 'Ac', 95, 0),
(1223, 'Std', 95, 0),
(1224, 'sportz ltd', 96, 0),
(1225, 'w10', 96, 0),
(1226, 'w10 4x2', 96, 0),
(1227, 'w10 at', 96, 0),
(1228, 'w10 awd', 96, 0),
(1229, 'w4', 96, 0),
(1230, 'w4 4x2', 96, 0),
(1231, 'w6 4x2', 96, 0),
(1232, 'w8 awd', 96, 0),
(1233, 'w8 fwd', 96, 0),
(1234, 'd2 bs iv', 97, 0),
(1235, 'd2 maxx', 97, 0),
(1236, 'd4 bs iv', 97, 0),
(1237, 'e9 bs iv', 97, 0),
(1238, 'h4 abs bs iv', 97, 0),
(1239, 'h4 bs iv', 97, 0),
(1240, 'h8 abs airbag bs iv', 97, 0),
(1241, 'h8 abs bs iv', 97, 0),
(1242, 'h9 bs iv', 97, 0),
(1243, 'e4 abs bs iv', 97, 0),
(1244, 'e4 bs iv', 97, 0),
(1245, 'e8 abs airbag bs iv', 97, 0),
(1246, 'e8 abs bs iv', 97, 0),
(1247, 'celebration edition bs iv', 97, 0),
(1248, 'e2', 97, 0),
(1249, 'e6 bs iv', 97, 0),
(1250, 'e6 celebration', 97, 0),
(1251, 'e8 bs iv', 97, 0),
(1252, 'e6 celebration bs iv', 97, 0),
(1253, 'd2 bs lll', 97, 0),
(1254, 'e8 abs airbag bs lll', 97, 0),
(1255, 'e4 abs bs lll', 97, 0),
(1256, 'e4 bs lll', 97, 0),
(1257, 'e6 bs lll', 97, 0),
(1258, 'e8 abs bs lll', 97, 0),
(1259, 'e8 bs lll', 97, 0),
(1260, 'celebration edition bs lll', 97, 0),
(1261, 'd4 bs lll', 97, 0),
(1262, 't0', 98, 0),
(1263, 't2', 98, 0),
(1264, '1.2 mpi active plus', 99, 0),
(1265, '1.2 tdi active plus', 99, 0),
(1266, 'active plus 1.2 mpi', 99, 0),
(1267, 'active plus 1.2 tdi', 99, 0),
(1268, 'ambiente plus 1.2 td', 99, 0),
(1269, 'ambition plus 1.2 mpi', 99, 0),
(1270, 'ambition plus 1.2 tdi', 99, 0),
(1271, 'elegance 1.2 mpi', 99, 0),
(1272, 'elegance 1.2 tdi', 99, 0),
(1273, 'elegance 1.6 mpi', 99, 0),
(1274, 'active 1.2 mpi', 99, 0),
(1275, 'active 1.2 tdi', 99, 0),
(1276, 'ambition 1.2 mpi', 99, 0),
(1277, 'ambition 1.2 tdi', 99, 0),
(1278, 'scout 1.2 mpi', 99, 0),
(1279, 'scout 1.2 tdi', 99, 0),
(1280, 'ambiente 1.2 mpi', 99, 0),
(1281, 'ambiente 1.2 tdi', 99, 0),
(1282, 'ambiente plus 1.2 mpi', 99, 0),
(1283, 'ambiente plus 1.2 tdi', 99, 0),
(1284, 'classic 1.2 mpi', 99, 0),
(1285, 'classic 1.2 tdi', 99, 0),
(1286, 'active 1.4 pd tdi', 99, 0),
(1287, 'ambiente 1.4 pd tdi', 99, 0),
(1288, 'classic 1.4 pd tdi', 99, 0),
(1289, 'elegance 1.4 mpi', 99, 0),
(1290, 'elegance 1.4 pd tdi', 99, 0),
(1291, 'active 1.8 tsi', 100, 0),
(1292, 'ambition 1.8 tsi', 100, 0),
(1293, 'ambition 2.0 tdi cr at', 100, 0),
(1294, 'ambition 2.0 tdi cr mt', 100, 0),
(1295, 'elegance 2.0 tdi cr at', 100, 0),
(1296, 'elegance 2.0 tdi cr mt', 100, 0),
(1297, 'laura rs', 100, 0),
(1298, 'lk 2.0 tdi at', 100, 0),
(1299, '1.8 tsi at ambition', 100, 0),
(1300, 'classic 1.8 tsi', 100, 0),
(1301, 'ambiente 1.8 tsi', 100, 0),
(1302, 'ambiente 1.9 tdi at', 100, 0),
(1303, 'ambiente 1.9 tdi mt', 100, 0),
(1304, 'ambiente 2.0 tdi cr at', 100, 0),
(1305, 'ambiente 2.0 tdi cr mt', 100, 0),
(1306, 'elegance 1.9 tdi at', 100, 0),
(1307, 'elegance 1.9 tdi mt', 100, 0),
(1308, 'ambiente 1.9 pd', 100, 0),
(1309, 'elegance 1.9 pd', 100, 0),
(1310, 'lk 1.9 pd at', 100, 0),
(1311, 'lk 1.9 pd mt', 100, 0),
(1312, '1.8 tsi style plus at', 101, 0),
(1313, '2.0 tdi style plus at', 101, 0),
(1314, 'active 1.4 tsi', 101, 0),
(1315, 'active 2.0 tdi cr', 101, 0),
(1316, 'ambition 1.4 tsi', 101, 0),
(1317, 'ambition 2.0 tdi cr', 101, 0),
(1318, 'ambition 2.0 tdi cr at', 101, 0),
(1319, 'elegance 1.8 tsi at', 101, 0),
(1320, 'elegance 2.0 tdi cr at', 101, 0),
(1321, 'lk', 101, 0),
(1322, 'ambiente 1.8 turbo', 101, 0),
(1323, 'rider 1.8 turbo', 101, 0),
(1324, 'rider 1.9 at tdi', 101, 0),
(1325, 'rider 1.9 tdi', 101, 0),
(1326, 'rs 1.8 turbo', 101, 0),
(1327, 'elegance 1.9 at tdi', 101, 0),
(1328, 'elegance 1.9 tdi', 101, 0),
(1329, 'ambiente 1.9 tdi', 101, 0),
(1330, 'ambiente 2.0 mpi', 101, 0),
(1331, 'elegance 2.0 mpi', 101, 0),
(1332, 'rider 2.0 mpi', 101, 0),
(1333, '1.9 tdi', 101, 0),
(1334, '2.0 mpi', 101, 0),
(1335, '1.5 tdi at elegance', 102, 0),
(1336, '1.5 tdi mt ambition', 102, 0),
(1337, '1.6 mpi at ambition plus', 102, 0),
(1338, '1.6 mpi mt active', 102, 0),
(1339, '1.6 tdi mt active', 102, 0),
(1340, '1.6 tdi mt ambition plus', 102, 0),
(1341, 'active 1.6 mpfi mt', 102, 0),
(1342, 'active 1.6 tdi mt', 102, 0),
(1343, 'ambition 1.6 mpfi mt', 102, 0),
(1344, 'ambition 1.6 mpi mt plus', 102, 0),
(1345, 'elegance 1.6 mpfi at', 102, 0),
(1346, 'elegance 1.6 mpfi mt', 102, 0),
(1347, 'elegance 1.6 tdi mt', 102, 0),
(1348, '1.5 tdi at ambition', 102, 0),
(1349, '1.5 tdi at elegance plus', 102, 0),
(1350, '1.5 tdi mt elegance plus', 102, 0),
(1351, '1.6 mpi at elegance plus', 102, 0),
(1352, '1.6 mpi mt elegance plus', 102, 0),
(1353, 'ambition 1.6 mpfi at', 102, 0),
(1354, 'ambition 1.6 tdi mt', 102, 0),
(1355, 'ambition 1.8 tsi mt', 103, 0),
(1356, 'ambition 2.0 tdi at', 103, 0),
(1357, 'elegance 1.8 tsi at', 103, 0),
(1358, 'elegance 1.8 tsi mt', 103, 0),
(1359, 'elegance 2.0 tdi cr', 103, 0),
(1360, '2.0 tdi pd', 103, 0),
(1361, '3.6 fsi 4x4', 103, 0),
(1362, '2.5 tdi', 103, 0),
(1363, '2.5 tdi comfort', 103, 0),
(1364, '2.8v6', 103, 0),
(1365, 'active 2.0 tdi 4x2', 104, 0),
(1366, 'ambition 2.0 tdi 4x2', 104, 0),
(1367, 'ambition 2.0 tdi 4x4', 104, 0),
(1368, 'elegance 4x2', 104, 0),
(1369, 'elegance 4x4', 104, 0),
(1370, 'ambiente', 104, 0),
(1371, 'Lk', 105, 0),
(1372, 'Rs', 105, 0),
(1373, 'comfortline 1.2', 106, 0),
(1374, 'comfortline 1.5', 106, 0),
(1375, 'comfortline 1.5l at (d)', 106, 0),
(1376, 'comfortline dsg 1.5', 106, 0),
(1377, 'highline 1.2', 106, 0),
(1378, 'highline 1.5', 106, 0),
(1379, 'highline 1.5l at (d)', 106, 0),
(1380, 'highline dsg 1.5', 106, 0),
(1381, 'trendline 1.2', 106, 0),
(1382, 'trendline 1.5', 106, 0),
(1383, 'Highlibe Petrol', 107, 0),
(1384, 'Highline Tdi', 107, 0),
(1385, '1.4 tsi comfortline mt', 108, 0),
(1386, '1.4 tsi trendline mt', 108, 0),
(1387, '2.0 tdi highline mt', 108, 0),
(1388, 'comfortline 2.0l tdi', 108, 0),
(1389, 'highline tdi', 108, 0),
(1390, 'highline tdi at', 108, 0),
(1391, 'trendline 2.0l tdi', 108, 0),
(1392, 'trendline 1.6', 108, 0),
(1393, 'comfortline 1.9 tdi', 108, 0),
(1394, 'trendline 1.9 tdi', 108, 0),
(1395, '3.6 V6', 109, 0),
(1396, '3.6I', 109, 0),
(1397, 'comfortline 1.2l petrol', 110, 0),
(1398, 'trendline 1.2l petrol', 110, 0),
(1399, 'highline 1.6l petrol', 110, 0),
(1400, 'comfortline 1.2l diesel', 110, 0),
(1401, 'trendline 1.2l diesel', 110, 0),
(1402, 'highline 1.2l diesel', 110, 0),
(1403, 'highline 1.2l petrol', 110, 0),
(1404, '3.0 V6 Tdi', 111, 0),
(1405, '5.0 V10 Tdi', 11, 0),
(1406, 'comfortline diesel', 112, 0),
(1407, 'comfortline mt diesel', 112, 0),
(1408, 'comfortline mt petrol', 112, 0),
(1409, 'comfortline petrol', 112, 0),
(1410, 'comfortline tdi at', 112, 0),
(1411, 'comfortline tsi at', 112, 0),
(1412, 'highline diesel', 112, 0),
(1413, 'highline petrol', 112, 0),
(1414, 'highline petrol at', 112, 0),
(1415, 'highline tdi at', 112, 0),
(1416, 'trendline diesel', 112, 0),
(1417, 'trendline mt petrol', 112, 0),
(1418, 'trendline petrol', 112, 0),
(1419, 'ipl edition', 112, 0),
(1420, '1.8L TSI', 113, 0),
(1421, 'COMFORTLINE DSG', 113, 0),
(1422, 'HIGHLINE DSG', 113, 0),
(1423, 'HIGHLINE DSG S', 113, 0),
(1424, 'TREADLINE MT', 113, 0),
(1425, 'xe', 114, 0),
(1426, 'xe plus', 114, 0),
(1427, 'xl', 114, 0),
(1428, 'xl option', 114, 0),
(1429, 'xv', 114, 0),
(1430, 'xv option', 114, 0),
(1431, 'xe diesel', 115, 0),
(1432, 'xl diesel', 115, 0),
(1433, 'xl petrol', 115, 0),
(1434, 'xv cvt', 115, 0),
(1435, 'xv diesel', 115, 0),
(1436, 'xv petrol', 115, 0),
(1437, 'xv premium diesel', 115, 0),
(1438, 'xe plus petrol', 115, 0),
(1439, 'xe pterol', 115, 0),
(1440, 'xl cvt petrol', 115, 0),
(1441, 'xlo', 115, 0),
(1442, 'xlo diesel', 115, 0),
(1443, 'xe', 116, 0),
(1444, 'xl', 116, 0),
(1445, 'xv', 116, 0),
(1446, 'xvs', 116, 0),
(1447, 'xe', 117, 0),
(1448, 'xe d', 117, 0),
(1449, 'xl auto', 117, 0),
(1450, 'xl diesel', 117, 0),
(1451, 'xl petrol', 117, 0),
(1452, 'xv diesel', 117, 0),
(1453, 'xv petrol', 117, 0),
(1454, 'xv premium pack 1', 117, 0),
(1455, 'xv premium pack 2', 117, 0),
(1456, 'xl cvt at', 117, 0),
(1457, 'mid', 118, 0),
(1458, 'upper', 118, 0),
(1459, '230jm', 118, 0),
(1460, '250xl', 118, 0),
(1461, '250xv', 118, 0),
(1462, 'xe d', 119, 0),
(1463, 'xl d', 119, 0),
(1464, 'xl d plus', 119, 0),
(1465, 'xl p', 119, 0),
(1466, 'xl110 diesel', 119, 0),
(1467, 'xld thp110 ps', 119, 0),
(1468, 'xv110 diesel', 119, 0),
(1469, 'xv dth 110ps', 119, 0),
(1470, 'xvd thp premium 110ps', 119, 0),
(1471, 'le', 120, 0),
(1472, 'comfort', 120, 0),
(1473, 'elegance', 120, 0),
(1474, 'x pecial', 120, 0),
(1475, 'slxat', 120, 0),
(1476, 'slxmt', 120, 0),
(1477, 'Coupe AT', 121, 0),
(1478, 'Coupe MT', 121, 0),
(1479, 'RXE', 122, 0),
(1480, 'RXL AT', 122, 0),
(1481, 'RXL DIESEL TRAVELOGUE', 122, 0),
(1482, 'RXL PETROL AT', 122, 0),
(1483, 'RXL PETROL TRAVELOGUE', 122, 0),
(1484, 'RXZ AT', 122, 0),
(1485, 'RXZ PETROL AT TRAVELOGUE', 122, 0),
(1486, 'RXE DIESEL', 122, 0),
(1487, 'RXL DIESEL', 122, 0),
(1488, 'RXL PETROL', 122, 0),
(1489, 'RXL PETROL AT TRAVELOGUE', 122, 0),
(1490, 'RXZ', 122, 0),
(1491, 'RXZ DIESEL TRAVELOGUE', 122, 0),
(1492, 'RX E PETROL', 123, 0),
(1493, 'RX L AIR BAGS DIESEL', 123, 0),
(1494, 'RX L DIESEL', 123, 0),
(1495, 'RX L PETROL', 123, 0),
(1496, 'RX Z AIR BAGS DIESEL', 123, 0),
(1497, 'RX Z DIESEL', 123, 0),
(1498, 'RX Z PETROL', 123, 0),
(1499, 'RXL ABS D', 123, 0),
(1500, '110 PS RXL', 124, 0),
(1501, '110 PS RXZ', 124, 0),
(1502, '110 PS RXZ 7 STR', 124, 0),
(1503, '110 PS RXZ 7 STR STEPWAY', 124, 0),
(1504, '110 PS RXZ STEPWAY', 124, 0),
(1505, '85 PS RXE', 124, 0),
(1506, '85 PS RXL', 124, 0),
(1507, '85 PS RXZ', 124, 0),
(1508, '85 PS STD', 124, 0),
(1509, 'RXE', 125, 0),
(1510, 'RXE OPT', 125, 0),
(1511, 'RXL', 125, 0),
(1512, 'RXT', 125, 0),
(1513, 'RXT OPT', 125, 0),
(1514, 'STD', 125, 0),
(1515, '110 PS RXL', 126, 0),
(1516, '110 PS RXZ Diesel OPT', 126, 0),
(1517, '85 PS RXE', 126, 0),
(1518, '85 PS RXL', 126, 0),
(1519, 'RXE', 126, 0),
(1520, 'RXL', 126, 0),
(1521, 'RXL Pack Diesel 85', 126, 0),
(1522, 'RXL Plus Diesel 85', 126, 0),
(1523, 'RXZ Pack Diesel 110', 126, 0),
(1524, '110 PS RXZ', 126, 0),
(1525, '110 PS RXZ Diesel Plus', 126, 0),
(1526, '85 PS RXE Diesel Adventure', 126, 0),
(1527, '86 PS RXE Diesel Plus', 126, 0),
(1528, 'RXE Petrol 104', 126, 0),
(1529, 'RXL Diesel 110', 126, 0),
(1530, 'RXL Petrol 104', 126, 0),
(1531, 'RXZ Diesel 110', 126, 0),
(1532, '110 PS RXZ OPT', 126, 0),
(1533, '85 PS RXL OPT', 126, 0),
(1534, '150', 127, 0),
(1535, '15000', 127, 0),
(1536, '20000', 127, 0),
(1537, '20000', 127, 0),
(1538, '2.0 2WD MT', 128, 0),
(1539, '2.0 4WD MT', 128, 0),
(1540, '2.0 AT', 128, 0),
(1541, '4X2 MT', 128, 0),
(1542, '4X4 AT', 128, 0),
(1543, '4X4 MT', 128, 0),
(1544, '4X4', 128, 0),
(1545, 'lounge', 129, 0),
(1546, 'sport', 129, 0),
(1547, 'Sport 1.6', 130, 0),
(1548, 'active 1.4', 131, 0),
(1549, 'active multijet 1.3', 131, 0),
(1550, 'dynamic 1.4', 131, 0),
(1551, 'dynamic multijet 1.3', 131, 0),
(1552, 'emotion multijet 1.3', 131, 0),
(1553, 'active 1.2', 132, 0),
(1554, 'active 1.3', 132, 0),
(1555, 'dynamic 1.2', 132, 0),
(1556, 'dynamic 1.3', 132, 0),
(1557, 'emotion 1.3', 132, 0),
(1558, 'emotion 1.4', 132, 0),
(1559, 'emotion pack 1.3 90 hp', 132, 0),
(1560, 'sport 1.3', 132, 0),
(1561, 'emotion 1.2', 132, 0),
(1562, 'emotion pack 1.3', 132, 0),
(1563, 'emotion pack 1.4', 132, 0),
(1564, 'dynamic 1.4', 132, 0),
(1565, '1.3 l multijet classic', 133, 0),
(1566, '1.3 l multijet classic plus', 133, 0),
(1567, '1.4 l p classic', 133, 0),
(1568, 'active 1.3', 133, 0),
(1569, 'active 1.3 l advanced multijet', 133, 0),
(1570, 'active 1.4', 133, 0),
(1571, 'active 1.4 lt jet', 133, 0),
(1572, 'classic diesel', 133, 0),
(1573, 'classic petrol', 133, 0),
(1574, 'classic plus diesel', 133, 0),
(1575, 'dynamic 1.3', 133, 0),
(1576, 'dynamic 1.3 l advanced multijet', 133, 0),
(1577, 'dynamic 1.4', 133, 0),
(1578, 'dynamic 1.4 lt jet', 133, 0),
(1579, 'emotion 1.3', 133, 0),
(1580, 'emotion 1.3 l advanced multijet', 133, 0),
(1581, 'emotion 1.4 lt jet', 133, 0),
(1582, 't jet', 133, 0),
(1583, 't jet plus', 133, 0),
(1584, 'dynamic t jet', 133, 0),
(1585, 'emotion t jet', 133, 0),
(1586, 'dynamic pk 1.3 mjd', 133, 0),
(1587, 'dynamic pk 1.4', 133, 0),
(1588, 'emotion 1.4', 133, 0),
(1589, 'emotion pk 1.3 mjd', 133, 0),
(1590, 'emotion pk 1.4', 133, 0),
(1591, '128205-160256', 133, 0),
(1592, 'ACTIVE T JE', 133, 0),
(1593, '1.6 gtx', 134, 0),
(1594, 'adventure 1.6', 134, 0),
(1595, 'adventure 1.9 d', 134, 0),
(1596, 'weekend 1.6', 134, 0),
(1597, 'weekend 1.6 sp', 134, 0),
(1598, '1.2 el', 134, 0),
(1599, '1.2 el ps', 134, 0),
(1600, '1.2 elx', 134, 0),
(1601, '1.2 sport', 134, 0),
(1602, '1.6 gtx sp', 134, 0),
(1603, '1.6 s10', 134, 0),
(1604, 'el 1.9 ps', 135, 0),
(1605, 'elx 1.9', 135, 0),
(1606, 'elx 1.9 sp', 135, 0),
(1607, '1.2 el', 136, 0),
(1608, '1.2 el ps', 136, 0),
(1609, '1.2 elx', 136, 0),
(1610, '1.2 sport', 136, 0),
(1611, '1.6 sport', 136, 0),
(1612, 'sd 1.3', 137, 0),
(1613, 'sde 1.3', 137, 0),
(1614, 'sdx 1.3', 137, 0),
(1615, 'sl 1.1', 137, 0),
(1616, 'sle 1.1', 137, 0),
(1617, 'slx 1.1', 137, 0),
(1618, 'sport 1.6', 137, 0),
(1619, 'el 1.6 ps', 138, 0),
(1620, 'elx 1.6 ps', 138, 0),
(1621, 'el 1.2', 138, 0),
(1622, 'elx 1.2 ps', 138, 0),
(1623, 'el 1.9 ps', 139, 0),
(1624, 'elx 1.9 ps', 139, 0),
(1625, 'elx 1.9 ps', 139, 0),
(1626, 'abarth', 140, 0),
(1627, 'active 1.2', 140, 0),
(1628, 'active multijet 1.3', 140, 0),
(1629, 'dynamic 1.2', 140, 0),
(1630, 'dynamic multijet 1.3', 140, 0),
(1631, 'emotion 1.4', 140, 0),
(1632, 'emotion multijet 1.3', 140, 0),
(1633, 'muultijet 1.3 90 hp', 140, 0),
(1634, 'el 1.6', 141, 0),
(1635, 'el 1.7 ps', 141, 0),
(1636, 'elx 1.6', 141, 0),
(1637, 'elx 1.7 ps', 141, 0),
(1638, 'ex 1.2', 141, 0),
(1639, 'mastero 1.6', 141, 0),
(1640, 'mastero 1.6 sp', 141, 0),
(1641, 'ed 1.2', 141, 0),
(1642, 'el 1.2 ps', 141, 0),
(1643, 'elx 1.2', 141, 0),
(1644, 'elx 1.2 sp', 141, 0),
(1645, 'elx 1.6', 142, 0),
(1646, 'elx 1.6 sp', 142, 0),
(1647, 'elx 1.7 sp ps', 142, 0),
(1648, 'trend 1.2 ac', 143, 0),
(1649, 'trend 1.7 ac', 143, 0),
(1650, 'trend 1.2', 143, 0),
(1651, 'trend 1.7', 143, 0),
(1652, 'elx 1.2 ac', 143, 0),
(1653, 'elx 1.7 ac', 143, 0),
(1654, 'diesel', 143, 0),
(1655, 'el 1.2', 143, 0),
(1656, 'el 1.2 ac', 143, 0),
(1657, 'el 1.7', 143, 0),
(1658, 'el 1.7 ac', 143, 0),
(1659, 'petrol', 143, 0),
(1660, 'petrol ac', 143, 0),
(1661, 'a180 cdi style', 144, 0),
(1662, 'a180 sport petrol', 144, 0),
(1663, 'edition 1', 144, 0),
(1664, 'a200 cdi sport', 144, 0),
(1665, 'b180', 145, 0),
(1666, 'b180 sportz', 145, 0),
(1667, 'b200 cdi sport', 145, 0),
(1668, 'edition 1', 145, 0),
(1669, '250 cdi elegance', 146, 0),
(1670, 'c 200 avantgarde', 146, 0),
(1671, 'c 200 cgi elegance', 146, 0),
(1672, 'c 220 cdi avantgarde', 146, 0),
(1673, 'c 220 cdi classic', 146, 0),
(1674, 'c 220 cdi sports', 146, 0),
(1675, 'c 220 cdi style', 146, 0),
(1676, 'c 63 amg', 146, 0),
(1677, 'edition c', 146, 0),
(1678, 'grand edition', 146, 0),
(1679, 'grand edition cdi', 146, 0),
(1680, '220 blueefficiency', 146, 0),
(1681, '250 avantgarde', 146, 0),
(1682, '250 cdi avantgarde', 146, 0),
(1683, '250 cdi classic', 146, 0),
(1684, 'c 250 cdi', 146, 0),
(1685, '200 cgi avantgarde', 146, 0),
(1686, '200 k elegance at', 146, 0),
(1687, '220 cdi avantgrade at', 146, 0),
(1688, '220 cdi elegance at', 146, 0),
(1689, '230 avantgarde', 146, 0),
(1690, '200k at', 146, 0),
(1691, '200k mt', 146, 0),
(1692, '220 cdi at', 146, 0),
(1693, '220 cdi mt', 146, 0),
(1694, '180 classic', 146, 0),
(1695, '180 elegance mt', 146, 0),
(1696, '200 cdi classic', 146, 0),
(1697, '200 cdi elegance', 146, 0),
(1698, '45 amg', 147, 0),
(1699, 'cla 200 cdi sport', 147, 0),
(1700, 'cla 200 cdi style', 147, 0),
(1701, 'cla 200 sport', 147, 0),
(1702, '500', 148, 0),
(1703, '350 blue efficiency', 149, 0),
(1704, 'cls 250 cdi', 149, 0),
(1705, '63 amg', 149, 0),
(1706, 'e 200 avantgarde', 150, 0),
(1707, 'e 220 cdi elegance', 150, 0),
(1708, 'e 250 cdi avantgarde', 150, 0),
(1709, 'e 250 cdi elegance', 150, 0),
(1710, 'e 250 elegance', 150, 0),
(1711, 'e 350 avantgarde', 150, 0),
(1712, 'e 350 cabriolet', 150, 0),
(1713, 'e 350 cdi avantgarde', 150, 0),
(1714, 'e 350 cdi elegance', 150, 0),
(1715, 'e63 amg', 150, 0),
(1716, '250 cdi launch edition', 150, 0),
(1717, 'cdi avantgrade', 150, 0),
(1718, 'e 200 cgi blue efficiency', 150, 0),
(1719, 'e 250 cdi classic', 150, 0),
(1720, 'e 350 coupe', 150, 0),
(1721, 'e 400 cabriolet', 150, 0),
(1722, 'e 230 elegance', 150, 0),
(1723, '280 cdi elegance', 150, 0),
(1724, '280 elegance', 150, 0),
(1725, '200k classic', 150, 0),
(1726, '200k elegance', 150, 0),
(1727, '240 v6 at', 150, 0),
(1728, '240 v6 mt', 150, 0),
(1729, '270 cdi', 150, 0),
(1730, '220 cdi at', 150, 0),
(1731, '220 cdi mt', 150, 0),
(1732, '55 Amg', 151, 0),
(1733, '63 Amg', 151, 0),
(1734, '350 cdi blue efficiency', 152, 0),
(1735, '63 amg', 152, 0),
(1736, '3.0 grand edition executive', 152, 0),
(1737, '3.0 grand edition luxury', 152, 0),
(1738, '500', 152, 0),
(1739, '200 cdi sport', 153, 0),
(1740, '200 cdi style', 153, 0),
(1741, '200 sport', 153, 0),
(1742, 'm guard', 154, 0),
(1743, 'ml 250 cdi', 154, 0),
(1744, 'ml 350 cdi', 154, 0),
(1745, 'ml 63 amg', 154, 0),
(1746, '250 cdi bluefficiency', 154, 0),
(1747, 'S500', 155, 0),
(1748, 'S600', 155, 0),
(1749, '250 cdi', 156, 0),
(1750, '350 cdi', 156, 0),
(1751, '350 cdi blue efficiency', 156, 0),
(1752, '320 cdi', 156, 0),
(1753, '350', 156, 0),
(1754, 'r 350 4matic', 157, 0),
(1755, 'r350l cdi', 157, 0),
(1756, '500 l', 158, 0),
(1757, 's350 cdi', 158, 0),
(1758, 's500 coupe', 158, 0),
(1759, '350 cdi long blue efficiency', 158, 0),
(1760, 's63 amg coupe', 158, 0),
(1761, 's300 l', 158, 0),
(1762, 's350 cdi l v6', 158, 0),
(1763, '320 cdi', 158, 0),
(1764, '320l', 158, 0),
(1765, '350l', 158, 0),
(1766, '350', 159, 0),
(1767, 'sl 63 amg', 159, 0),
(1768, 'sl 65 amg', 159, 0);
INSERT INTO `carvariant` (`id`, `carvariant`, `carmodelid`, `delid`) VALUES
(1769, 'slk 350 blue efficiency', 160, 0),
(1770, 'slk 200 k', 160, 0),
(1771, 'slk 230 k', 160, 0),
(1772, 'slk 55 amg', 160, 0),
(1773, 'Amg Coupe', 161, 0),
(1774, '2.2 Cdi Long', 162, 0),
(1775, '116i', 163, 0),
(1776, '118d hatchback', 163, 0),
(1777, '118d sport line', 163, 0),
(1778, '118d sport plus', 163, 0),
(1779, '320 d', 164, 0),
(1780, '320 d highline', 164, 0),
(1781, '320d gt luxury line', 164, 0),
(1782, '320d gt sport line', 164, 0),
(1783, '320d luxury line', 164, 0),
(1784, '320d m sport', 164, 0),
(1785, '320d prestige', 164, 0),
(1786, '320d sport line', 164, 0),
(1787, '320i', 164, 0),
(1788, '320i luxury line', 164, 0),
(1789, '320i prestige', 164, 0),
(1790, '328i sport plus', 164, 0),
(1791, 'm4', 164, 0),
(1792, '330 d convertible', 164, 0),
(1793, '330i', 164, 0),
(1794, '320d dynamic', 164, 0),
(1795, '320d exclusive', 164, 0),
(1796, '320 d corporate edition', 164, 0),
(1797, '320 d exclusive', 164, 0),
(1798, '320 d performance edition', 164, 0),
(1799, '325i', 164, 0),
(1800, 'm3 coupe', 164, 0),
(1801, '328i sport line', 164, 0),
(1802, '520 d 2.0', 165, 0),
(1803, '520d luxury line', 165, 0),
(1804, '520d modern line', 165, 0),
(1805, '520d prestige', 165, 0),
(1806, '520d prestige plus', 165, 0),
(1807, '520i', 165, 0),
(1808, '520i luxury line', 165, 0),
(1809, '523i 2.5', 165, 0),
(1810, '525d 3.0', 165, 0),
(1811, '525d luxury', 165, 0),
(1812, '525d luxury plus', 165, 0),
(1813, '530 d 3.0', 165, 0),
(1814, '530d m sport', 165, 0),
(1815, '535i 3.0', 165, 0),
(1816, '525i', 165, 0),
(1817, '530 d highline', 165, 0),
(1818, '530i', 165, 0),
(1819, '520 d', 165, 0),
(1820, '523i', 165, 0),
(1821, '525 d', 165, 0),
(1822, '530 d', 165, 0),
(1823, '520 d highline', 165, 0),
(1824, '500 D Le', 166, 0),
(1825, '640 d 650 i coupe', 167, 0),
(1826, '640 d convertible', 167, 0),
(1827, '640d coupe', 167, 0),
(1828, '640d design pure exp', 167, 0),
(1829, '640d eminence', 167, 0),
(1830, '640d gran coupe', 167, 0),
(1831, '650 i coupe', 167, 0),
(1832, 'm6 gran coupe', 167, 0),
(1833, '650 i convertible', 167, 0),
(1834, '730l d', 168, 0),
(1835, '730l d eminence', 168, 0),
(1836, '730l d prestige', 168, 0),
(1837, '730l d signature', 168, 0),
(1838, '730ld m sport', 168, 0),
(1839, '730ld pure design ex', 168, 0),
(1840, '730ld pure design ex (cbu)', 168, 0),
(1841, '740l i', 168, 0),
(1842, '750 l i', 168, 0),
(1843, '750li m sport (cbu)', 168, 0),
(1844, '750li pure design ex (cbu)', 168, 0),
(1845, '760l i', 168, 0),
(1846, 'active hybrid', 168, 0),
(1847, '730l i', 168, 0),
(1848, '750 i', 168, 0),
(1849, '760 i', 168, 0),
(1850, '3.0d', 169, 0),
(1851, 'I8', 170, 0),
(1852, 'Covertible ', 171, 0),
(1853, 'Coupe', 171, 0),
(1854, 'Sedan', 172, 0),
(1855, 'Coupe', 172, 0),
(1856, 'Covertible ', 173, 0),
(1857, 'cooper', 174, 0),
(1858, 'cooper convertible', 174, 0),
(1859, 'cooper s', 174, 0),
(1860, 'cooper s countryman', 174, 0),
(1861, 'sdrive 18i', 175, 0),
(1862, 'sdrive 20d', 175, 0),
(1863, 'sdrive 20d h', 175, 0),
(1864, 'sdrive 20d sport line', 175, 0),
(1865, 'sdrive 20d x line', 175, 0),
(1866, 'sdrive20d expedition', 175, 0),
(1867, 'sdrive20d m sport', 175, 0),
(1868, 'sdrive20d xline', 175, 0),
(1869, 'xdrive20d m sport', 175, 0),
(1870, 'xdrive20d xline', 175, 0),
(1871, 'sdrive 20d innovation', 175, 0),
(1872, 'xdrive 20d', 176, 0),
(1873, 'xdrive 30 d', 176, 0),
(1874, 'xdrive20d advantage', 176, 0),
(1875, 'xdrive20d expedition', 176, 0),
(1876, 'xdrive30d expedition', 176, 0),
(1877, 'xdrive30d m sport', 176, 0),
(1878, '2.5si', 176, 0),
(1879, '2.0 d', 176, 0),
(1880, 'x5 m', 177, 0),
(1881, 'xdrive 30 d', 177, 0),
(1882, 'xdrive 50i', 177, 0),
(1883, 'xdrive30d design pure', 177, 0),
(1884, 'xdrive30d design pure 5 str', 177, 0),
(1885, 'xdrive30d design pure 5+2', 177, 0),
(1886, 'xdrive30d design pure 7 str', 177, 0),
(1887, '3.0 d', 177, 0),
(1888, '4.8i', 177, 0),
(1889, 'x6 m', 178, 0),
(1890, 'xdrive 30 d', 178, 0),
(1891, 'xdrive 50i', 178, 0),
(1892, 'xdrive40d', 178, 0),
(1893, 'xdrive40d expedition', 178, 0),
(1894, 'xdrive40d m sport', 178, 0),
(1895, 'roadstar sdrive 35i', 179, 0),
(1896, 'sdrive35i', 179, 0),
(1897, 'sdrive35i design pure', 179, 0),
(1898, 'sdrive35i dpt', 179, 0),
(1899, 'sdrive35i prestige', 179, 0),
(1900, '35 tdi premium plus', 180, 0),
(1901, '35 tdi technology', 180, 0),
(1902, '40 tfsi premium', 180, 0),
(1903, '35 tdi attraction', 180, 0),
(1904, '35 tdi premium', 180, 0),
(1905, '40 tfsi premium plus', 180, 0),
(1906, '40 tfsi premium plus cabriolet', 180, 0),
(1907, '1.8 tfsi premium', 181, 0),
(1908, '1.8 tfsi premium plus', 181, 0),
(1909, '1.8 tfsi technology', 181, 0),
(1910, '2.0 tdi 140bhp standard', 181, 0),
(1911, '2.0 tdi 174bhp premium', 181, 0),
(1912, '2.0 tdi 174bhp prm plus', 181, 0),
(1913, '2.0 tdi 174bhp technology', 181, 0),
(1914, '3.0 tdi premium plus', 181, 0),
(1915, '3.0 tdi technology', 181, 0),
(1916, '35tdi premium plus sunroof', 181, 0),
(1917, '35tdi premium sport', 181, 0),
(1918, '35tdi premium sport plus sunroof', 181, 0),
(1919, '35tdi technology', 181, 0),
(1920, 's4 3.0 tfsi', 181, 0),
(1921, '1.8 tfsi', 181, 0),
(1922, '1.8 tfsi multitronic', 181, 0),
(1923, '2.0 tdi 174bhp', 181, 0),
(1924, '2.0 tdi multitronic', 181, 0),
(1925, '3.0 tdi', 181, 0),
(1926, '3.0 tdi quattro', 181, 0),
(1927, '35 tfsi premium', 181, 0),
(1928, '35 tfsi premium plus sunroof', 181, 0),
(1929, 's4 3.0 tfsi quattro', 181, 0),
(1930, '2.0 tfsi', 181, 0),
(1931, '3.2 fsi quattro', 181, 0),
(1932, '1.8 t multitronic', 181, 0),
(1933, '35tdi premium', 181, 0),
(1934, '2.0 tdi premium', 182, 0),
(1935, '2.0 tdi premium plus', 182, 0),
(1936, '2.0 tdi technology', 182, 0),
(1937, '2.0 tfsi premium', 182, 0),
(1938, '2.0 tfsi premium plus', 182, 0),
(1939, '2.0 tfsi technology', 182, 0),
(1940, '3.0 tdi premium', 182, 0),
(1941, '3.0 tdi premium plus', 182, 0),
(1942, '3.0 tdi technology', 182, 0),
(1943, 'matrix 35tdi', 182, 0),
(1944, 'matrix 35tfsi', 182, 0),
(1945, 'rs6 avant', 182, 0),
(1946, 's6 4.0 tfsi', 182, 0),
(1947, '2.0 tdi', 182, 0),
(1948, '2.8 fsi', 182, 0),
(1949, '3.0 tdi quattro', 182, 0),
(1950, '3.0 tfsi quattro', 182, 0),
(1951, '3.0 tdi', 182, 0),
(1952, '3.0 tfsi', 182, 0),
(1953, '2.7 tdi', 182, 0),
(1954, '3.2 fsi quattro', 182, 0),
(1955, '3.0 i multitronic', 182, 0),
(1956, 'a7 sportback', 183, 0),
(1957, 'sportback 3.0 tdi quattro', 183, 0),
(1958, 'sportsback 3.0 tfsi', 183, 0),
(1959, 'rs7 sportback', 183, 0),
(1960, '4.0 tfsi', 184, 0),
(1961, '50tdi', 184, 0),
(1962, '50tdi premium', 184, 0),
(1963, '60tdi', 184, 0),
(1964, '60tfsi', 184, 0),
(1965, 'w12', 184, 0),
(1966, '3.0 tdi quattro', 185, 0),
(1967, '4.2 tdi quattro', 185, 0),
(1968, '4.2 fsi quattro', 185, 0),
(1969, 'w12 quattro', 185, 0),
(1970, '2.0 tdi mt s edition', 186, 0),
(1971, '2.0 tdi premium plus', 186, 0),
(1972, '2.0 tdi quattro', 186, 0),
(1973, '2.0 tdi technology', 186, 0),
(1974, '2.0 tfsi premium plus', 186, 0),
(1975, '2.0 tfsi technology', 186, 0),
(1976, '30 tdi mt s edition', 186, 0),
(1977, '30tdi mt s edition', 186, 0),
(1978, '2.0 tdi base grade', 186, 0),
(1979, '2.0 tfsi quattro', 186, 0),
(1980, '2.0 tdi high', 186, 0),
(1981, '2.0 tdi s mt', 186, 0),
(1982, '2.0 tsi base', 186, 0),
(1983, '2.0 tsi high', 186, 0),
(1984, '35 tdi premium plus', 186, 0),
(1985, '2.0 tdi business line', 187, 0),
(1986, '2.0 tdi premium', 187, 0),
(1987, '2.0 tdi premium plus', 187, 0),
(1988, '2.0 tdi premium plus offrd', 187, 0),
(1989, '2.0 tdi technology pack', 187, 0),
(1990, '2.0 tdi technology pack or', 187, 0),
(1991, '2.0 tfsi premium', 187, 0),
(1992, '2.0 tfsi premium plus', 187, 0),
(1993, '2.0 tfsi premium plus offrd', 187, 0),
(1994, '2.0 tfsi technology pack', 187, 0),
(1995, '2.0 tfsi technology pack or', 187, 0),
(1996, '3.0 tdi premium plus s line', 187, 0),
(1997, '3.0 tdi technology pk s line', 187, 0),
(1998, '30 tdi premium', 187, 0),
(1999, '30 tdi premium plus', 187, 0),
(2000, '30 tdi technology', 187, 0),
(2001, '30tdi premium', 187, 0),
(2002, '30tdi premium plus', 187, 0),
(2003, '30tdi technology', 187, 0),
(2004, '45tdi technology', 187, 0),
(2005, '2.0 tdi quattro', 187, 0),
(2006, '2.0 tfsi quattro', 187, 0),
(2007, '3.0 tdi quattro', 187, 0),
(2008, '45 tdi technology', 187, 0),
(2009, '3.0 tdi premium', 188, 0),
(2010, '3.0 tdi premium plus', 188, 0),
(2011, '3.0 tdi technology', 188, 0),
(2012, '4.2 tdi technology', 188, 0),
(2013, '45 tdi premium', 188, 0),
(2014, '45 tdi premium plus', 188, 0),
(2015, '45 tdi technology plus sunroof', 188, 0),
(2016, '45tdi premium plus', 188, 0),
(2017, '3.0 tdi quattro', 188, 0),
(2018, '35 tdi technology plus sunroof', 188, 0),
(2019, '4.2 tdi quattro', 188, 0),
(2020, 'r8 v10 plus coupe', 188, 0),
(2021, 'r8 v10 spyder', 188, 0),
(2022, '3.0 tfsi quattro', 188, 0),
(2023, '3.6 fsi quattro', 188, 0),
(2024, '4.2 fsi quattro', 188, 0),
(2025, '4.2 Fsi', 189, 0),
(2026, 'sportback', 190, 0),
(2027, '4.0 Tfsi', 191, 0),
(2028, '45 tfsi', 192, 0),
(2029, '2.0 tfsi quattro', 192, 0),
(2030, '3.2 coupe quattro', 192, 0),
(2031, '2.0 tfsi', 192, 0),
(2032, '4.2 v8 coupe', 193, 0),
(2033, '5.2 v10 coupe', 193, 0),
(2034, '5.2 v10 spyder', 193, 0),
(2035, 'lmx', 193, 0),
(2036, 'r8 v10 plus coupe', 193, 0),
(2037, 'v10 plus coupe', 193, 0),
(2038, '4.2 fsi quattro', 193, 0),
(2039, '4.2 fsi quattro r tronic', 193, 0),
(2040, '5.2 fsi quattro spyder', 193, 0),
(2041, '4.2 fsi coupe', 193, 0),
(2042, '5.2 fsi coupe', 193, 0),
(2043, 'le 8 seater', 195, 0),
(2044, 'ls 7 seater', 194, 0),
(2045, 'lx 7 seater', 194, 0),
(2046, 'le 7 seater', 194, 0),
(2047, 'ls 8 seater', 194, 0),
(2048, 'lx 8 seater', 194, 0),
(2049, 'Volante', 195, 0),
(2050, 'Coupe', 196, 0),
(2051, 'Valante', 196, 0),
(2052, 'Luxe', 197, 0),
(2053, 'S', 197, 0),
(2054, 'Coupe', 198, 0),
(2055, 'Roadster', 198, 0),
(2056, 'S Coupe', 198, 0),
(2057, 'Coupe', 199, 0),
(2058, 'Roadster', 199, 0),
(2059, 'S Coupe', 199, 0),
(2060, 'S Roadstar', 199, 0),
(2061, 'Vanquish', 200, 0),
(2062, 'Zagato', 201, 0),
(2063, 'DB9', 202, 0),
(2064, 'A', 203, 0),
(2065, 'D', 203, 0),
(2066, 'D1', 203, 0),
(2067, 'T', 203, 0),
(2068, 'A', 204, 0),
(2069, 'active multijet', 204, 0),
(2070, 'D', 204, 0),
(2071, 'D1', 204, 0),
(2072, 'T', 204, 0),
(2073, 'T Optional', 204, 0),
(2074, 'A', 205, 0),
(2075, 'D', 205, 0),
(2076, 'S', 205, 0),
(2077, 'Sport', 205, 0),
(2078, 'T', 205, 0),
(2079, 'T(O)', 205, 0),
(2080, '1.8 cng', 206, 0),
(2081, '1.8 lpg', 206, 0),
(2082, '1.8 petrol', 206, 0),
(2083, 'classic 1800 isz cng ac', 206, 0),
(2084, 'classic 1800 isz mpfi ac', 206, 0),
(2085, 'classic 2000 dsz ac', 206, 0),
(2086, 'grand 1800 isz cng', 206, 0),
(2087, 'grand 1800 isz mpfi', 206, 0),
(2088, 'grand 2000 dsz', 206, 0),
(2089, 'grand 2000 dsz pw cl', 206, 0),
(2090, 'grand cng ac', 206, 0),
(2091, 'grand cng ac ps', 206, 0),
(2092, 'grand lpg ac', 206, 0),
(2093, 'grand lpg non ac', 206, 0),
(2094, 'classic 1500 dsl ac', 206, 0),
(2095, 'avigo 1800isz mpfi', 206, 0),
(2096, 'avigo 2000dsz', 206, 0),
(2097, 'classic 1800isz cng', 206, 0),
(2098, 'classic 1800isz mpfi', 206, 0),
(2099, 'classic 1800isz mpfi ac ps', 206, 0),
(2100, 'classic 1800isz mpfi ps', 206, 0),
(2101, 'classic 2000dsz', 206, 0),
(2102, 'grand 1800 isz mpfi pwcl cng', 206, 0),
(2103, 'grand cng ac pspw', 206, 0),
(2104, 'grand petrol ac pspw', 206, 0),
(2105, 'classic 2000dsz ac ps', 206, 0),
(2106, 'grand 1800isz mpfi pw cl', 206, 0),
(2107, 'classic 1500 dls', 206, 0),
(2108, '1.8 Glx', 207, 0),
(2109, '2.0 Dsl', 207, 0),
(2110, 'delight crdi dac 7 str bs iii', 208, 0),
(2111, 'delight crdi dac 7 str bs iv', 208, 0),
(2112, 'delight di dac 7 str bs iii', 208, 0),
(2113, 'winner crdi ac 9str bs iv', 208, 0),
(2114, 'winner di ps ac 9 str bs iii', 208, 0),
(2115, 'xciter crdfi dac 9 str bs iii', 208, 0),
(2116, 'xciter crdi dac 9 str bs iv', 208, 0),
(2117, 'xciter di dac 9 str bs iii', 208, 0),
(2118, 'delite crdfi 7 str bs iii', 208, 0),
(2119, 'delite crdfi 7 str bs iv', 208, 0),
(2120, 'royale crdfi 7 str bs iii', 208, 0),
(2121, 'royale crdfi 8 str bs iv', 208, 0),
(2122, 'winner crdfi 10 str bs iii ac', 208, 0),
(2123, 'winner crdfi 10 str bs iv', 208, 0),
(2124, 'winner crdfi 9 str bs iii', 208, 0),
(2125, 'winner crdfi 9 str bs iii ac', 208, 0),
(2126, 'winner crdfi 9 str bs iii non ac', 208, 0),
(2127, 'winner crdfi 9 str bs iv with ps', 208, 0),
(2128, 'xciter 8 str bs iii', 208, 0),
(2129, 'xciter 9 str bs iii', 208, 0),
(2130, 'xciter crdfi 8 str bs iii', 208, 0),
(2131, 'xciter crdfi 8 str bs iv', 208, 0),
(2132, 'xciter crdfi 9 str bs iii', 208, 0),
(2133, 'xciter crdfi 9 str bs iv', 208, 0),
(2134, 'dlx', 208, 0),
(2135, 'dlx double ac', 208, 0),
(2136, 's1 ac', 208, 0),
(2137, 's1 non ac', 208, 0),
(2138, 's2', 208, 0),
(2139, 'winner di non ac ms 9 str bs iii', 208, 0),
(2140, '106327-141769', 208, 0),
(2141, 'coupe', 209, 0),
(2142, 'r coupe', 209, 0),
(2143, 's coupe', 209, 0),
(2144, 'v6 s', 209, 0),
(2145, 'v8 s', 209, 0),
(2146, 'v6 s convertible', 209, 0),
(2147, 'v8 s convertible', 209, 0),
(2148, '2.0 petrol portfolio', 210, 0),
(2149, '3.0 petrol v6 sc portfolio', 210, 0),
(2150, '3.0 petrol v6 sc portfolio', 210, 0),
(2151, '2.2 diesel', 211, 0),
(2152, '3.0 diesel', 211, 0),
(2153, '3.0l diesel', 211, 0),
(2154, 'petrol 2.0', 211, 0),
(2155, 'r 5.0 petrol', 211, 0),
(2156, 'r v8', 211, 0),
(2157, 's v6', 211, 0),
(2158, 'v8', 211, 0),
(2159, '2.0 petrol premium luxury', 212, 0),
(2160, '3.0 diesel portfolio', 212, 0),
(2161, '3.0 diesel premium luxury', 212, 0),
(2162, '5.0 petrol sc supersport', 212, 0),
(2163, '3.0 diesel ultimate', 212, 0),
(2164, '5.0 petrol portfolio', 212, 0),
(2165, '5.0 petrol sc ultimate', 212, 0),
(2166, '3.0 v 6', 213, 0),
(2167, '3.0 v 6 portfolio', 213, 0),
(2168, '3.0 v 6 premium luxury', 213, 0),
(2169, '5.0 v 8', 213, 0),
(2170, '3', 214, 0),
(2171, '5', 214, 0),
(2172, 'convertible spl', 215, 0),
(2173, 'rs', 215, 0),
(2174, 'rv8 convertible', 215, 0),
(2175, 'rv8 coupe', 215, 0),
(2176, 'v 8 coupe spl', 215, 0),
(2177, 'new sports', 216, 0),
(2178, 'select', 216, 0),
(2179, 'select alpg', 216, 0),
(2180, 'spirit', 216, 0),
(2181, 'spirit alpg', 216, 0),
(2182, 'sports', 216, 0),
(2183, 'elegance', 216, 0),
(2184, 'lxd 2.0', 217, 0),
(2185, 'lxi 1.5', 217, 0),
(2186, 'gld 2.0', 217, 0),
(2187, 'glxd 2.0', 217, 0),
(2188, 'led 2.0', 217, 0),
(2189, 'xld 2.0', 217, 0),
(2190, 'xli 1.5', 217, 0),
(2191, 'exel 1.5', 217, 0),
(2192, 'exel 2.0', 217, 0),
(2193, 'slxd 2.0', 217, 0),
(2194, 'sfxd 2.0', 217, 0),
(2195, 'lxd2.0', 217, 0),
(2196, 'lel 1.8', 217, 0),
(2197, 'lxl 1.8', 217, 0),
(2198, 'lxl 1.5', 217, 0),
(2199, 'sfxl 1.5', 217, 0),
(2200, 'xll 1.8', 217, 0),
(2201, 'gll 1.5', 217, 0),
(2202, 'glxl 1.5', 217, 0),
(2203, 'lel 1.5', 217, 0),
(2204, 'sfxl 1.8', 217, 0),
(2205, 'slxl1.5', 217, 0),
(2206, 'X', 218, 0),
(2207, '3.2 gls', 219, 0),
(2208, 'did at', 219, 0),
(2209, 'did mt', 219, 0),
(2210, 'did at 2007-2009', 219, 0),
(2211, 'did mt 2007-2009', 219, 0),
(2212, '2.4 Mivec', 220, 0),
(2213, 'sfx 2.8', 221, 0),
(2214, 'gl 2.8', 221, 0),
(2215, 'glx2.8 crz', 221, 0),
(2216, '2.5 Mt', 222, 0),
(2217, '1.6 advantage', 223, 0),
(2218, '1.6 club', 223, 0),
(2219, '1.6 club at', 223, 0),
(2220, '1.6 gli', 223, 0),
(2221, '1.7 advantage', 223, 0),
(2222, '1.7 club', 223, 0),
(2223, '1.7 gl', 223, 0),
(2224, '1.4 gl', 224, 0),
(2225, '1.4 gls', 224, 0),
(2226, '1.4 gsi', 224, 0),
(2227, '1.6 gls', 224, 0),
(2228, '1.6 gsi', 224, 0),
(2229, '1.6 royale', 224, 0),
(2230, 'sail 1.4', 224, 0),
(2231, 'sail 1.6', 224, 0),
(2232, 'swing 1.4', 224, 0),
(2233, 'swing 1.6', 224, 0),
(2234, '2.2 Comfort', 225, 0),
(2235, 'kinetic d3', 226, 0),
(2236, 'kinetic d4', 226, 0),
(2237, 'kinetic d5', 226, 0),
(2238, 'summum d3', 226, 0),
(2239, 'summum d5', 226, 0),
(2240, 'summum t6', 226, 0),
(2241, 'summmum d4', 226, 0),
(2242, 'summum d6', 226, 0),
(2243, 'd5 awd', 226, 0),
(2244, 'kinetic d4', 227, 0),
(2245, 'summum d4', 227, 0),
(2246, 'summum d5', 227, 0),
(2247, '3.2', 227, 0),
(2248, 'd5', 227, 0),
(2249, 'kinetic d3', 227, 0),
(2250, 'summum d3', 227, 0),
(2251, 'v8awd', 227, 0),
(2252, 's80 3.2', 227, 0),
(2253, 'd3', 228, 0),
(2254, 'd4 kinetic', 229, 0),
(2255, 'd4 summum', 229, 0),
(2256, 'd5 summum', 229, 0),
(2257, 'd5awdat', 229, 0),
(2258, 'kinetic', 229, 0),
(2259, 'd5 summum', 230, 0),
(2260, 'd5', 230, 0),
(2261, 'd5 awd', 230, 0),
(2262, 'xc 90', 230, 0),
(2263, 'd5awdat', 230, 0),
(2264, '2.2 Comfort', 231, 0),
(2265, 'kinetic d4', 232, 0),
(2266, 'kinetic d5', 232, 0),
(2267, 'summum d3', 232, 0),
(2268, 'summmum d4', 232, 0),
(2269, 'summum d5', 232, 0),
(2270, 'summum t6', 232, 0),
(2271, 's80 3.2', 232, 0),
(2272, 'd5', 232, 0),
(2273, 'kinetic d3', 232, 0),
(2274, 'D3', 233, 0),
(2275, 'Kinetic D4', 234, 0),
(2276, 'pleasure 4x2', 235, 0),
(2277, 'pleasure 4x4', 235, 0),
(2278, 'prestige 4x2', 235, 0),
(2279, 'prestige leather 4x4', 235, 0),
(2280, 'pride leater 4x4', 235, 0),
(2281, 'pure 4x2', 235, 0),
(2282, 'pure lx 4x2', 235, 0),
(2283, 'prestige 4x4', 235, 0),
(2284, 'pride leather 4x4', 235, 0),
(2285, 'pride 4x4', 235, 0),
(2286, 'xe', 236, 0),
(2287, 'xe quadrajet', 236, 0),
(2288, 'xe revotron', 236, 0),
(2289, 'xm', 236, 0),
(2290, 'xm quadrajet', 236, 0),
(2291, 'xm revotron', 236, 0),
(2292, 'xms', 236, 0),
(2293, 'xms quadra et', 236, 0),
(2294, 'xms revotron', 236, 0),
(2295, 'xt', 236, 0),
(2296, 'xt quadrajet', 236, 0),
(2297, 'xt revotron', 236, 0),
(2298, 'xe petrol', 236, 0),
(2299, 'xm petrol', 236, 0),
(2300, 'xms petrol', 236, 0),
(2301, 'xt petrol', 236, 0),
(2302, 'xe diesel', 236, 0),
(2303, 'xm diesel', 236, 0),
(2304, 'xms diesel', 236, 0),
(2305, 'xt diesel', 236, 0),
(2306, 'cx', 237, 0),
(2307, 'ex', 237, 0),
(2308, 'gx', 237, 0),
(2309, 'lx', 237, 0),
(2310, 'INDICA', 237, 0),
(2311, 'emax glx cng', 237, 0),
(2312, 'ev2 ls', 237, 0),
(2313, 'ev2 lx', 237, 0),
(2314, 'ev2 emax glx cng', 237, 0),
(2315, 'v2 emax glx cng', 237, 0),
(2316, 'dls', 237, 0),
(2317, 'dlx', 237, 0),
(2318, 'lxi', 237, 0),
(2319, 'dlg', 237, 0),
(2320, 'glg dicore', 237, 0),
(2321, 'ls', 237, 0),
(2322, 'lx', 237, 0),
(2323, 'xeta gvs', 237, 0),
(2324, 'ev2 xeta gl', 237, 0),
(2325, 'ev2 xeta gle', 237, 0),
(2326, 'ev2 xeta gls', 237, 0),
(2327, 'ev2 xeta glx', 237, 0),
(2328, 'emax glx cng', 238, 0),
(2329, 'emax glx cng', 238, 0),
(2330, 'ev2 ls', 238, 0),
(2331, 'ev2 lx', 238, 0),
(2332, 'ev2 emax glx cng', 238, 0),
(2333, 'v2 emax glx cng', 238, 0),
(2334, 'dls', 238, 0),
(2335, 'dlx', 238, 0),
(2336, 'lxi', 238, 0),
(2337, 'dlg', 238, 0),
(2338, 'glg dicore', 238, 0),
(2339, 'ls', 238, 0),
(2340, 'lx', 238, 0),
(2341, 'xeta gvs', 238, 0),
(2342, 'ev2 xeta gl', 238, 0),
(2343, 'ev2 xeta gle', 238, 0),
(2344, 'ev2 xeta gls', 238, 0),
(2345, 'ev2 xeta glx', 238, 0),
(2346, 'ls', 239, 0),
(2347, 'lx', 239, 0),
(2348, 'emax gls cng', 239, 0),
(2349, 'emax glx cng', 239, 0),
(2350, 'l', 239, 0),
(2351, 'le', 239, 0),
(2352, 'gls emax', 239, 0),
(2353, 'glx emax', 239, 0),
(2354, 'gls lpg', 240, 0),
(2355, 'gl', 240, 0),
(2356, 'gle', 240, 0),
(2357, 'gle lpg', 240, 0),
(2358, 'gls', 240, 0),
(2359, 'glx', 240, 0),
(2360, 'ls', 241, 0),
(2361, 'lx', 241, 0),
(2362, 'emax glx cng', 241, 0),
(2363, 'le', 241, 0),
(2364, 'dle bs iii', 241, 0),
(2365, 'dls bs iii', 241, 0),
(2366, 'turbomax dle bs iv', 241, 0),
(2367, 'turbomax dls bs iv', 241, 0),
(2368, 'dlg dicor bs iii', 241, 0),
(2369, 'dls dicor bs iii', 241, 0),
(2370, 'lgi bs iii', 241, 0),
(2371, 'dl bs iii', 241, 0),
(2372, 'dlg bs iii', 241, 0),
(2373, 'dlx bs iii', 241, 0),
(2374, 'li bs iii', 241, 0),
(2375, 'lsi bs iii', 241, 0),
(2376, 'lxi bs iii', 241, 0),
(2377, 'dl bs ii', 241, 0),
(2378, 'dle bs ii', 241, 0),
(2379, 'dlg', 241, 0),
(2380, 'dlg bs ii', 241, 0),
(2381, 'dls bs ii', 241, 0),
(2382, 'dlx bs ii', 241, 0),
(2383, 'lei bs ii', 241, 0),
(2384, 'lgi bs ii', 241, 0),
(2385, 'lsi bs ii', 241, 0),
(2386, 'lxi bs ii', 241, 0),
(2387, 'lgi', 241, 0),
(2388, 'dls', 241, 0),
(2389, 'dlx', 241, 0),
(2390, 'cs', 241, 0),
(2391, 'lxi  bs II', 241, 0),
(2392, 'lxi  bs III', 241, 0),
(2393, 'dlg dicor bs II', 241, 0),
(2394, 'dlq', 241, 0),
(2395, 'dls dicor  bs III', 241, 0),
(2396, 'l', 241, 0),
(2397, 'dlg', 242, 0),
(2398, 'dls', 242, 0),
(2399, 'dlx', 242, 0),
(2400, 'dlx abs and airbags', 242, 0),
(2401, 'egl bs iv', 243, 0),
(2402, 'egle bs iv', 243, 0),
(2403, 'egle lpg bs iv', 243, 0),
(2404, 'egls bs iv', 243, 0),
(2405, 'egls lpg bs iv', 243, 0),
(2406, 'eglx bs iv', 243, 0),
(2407, 'gl 1.2 bs iii', 243, 0),
(2408, 'gl bs iv', 243, 0),
(2409, 'gle 1.2 bs iii', 243, 0),
(2410, 'gle 1.2 lpg', 243, 0),
(2411, 'gle bs iv', 243, 0),
(2412, 'gle lpg bs iv', 243, 0),
(2413, 'gls 1.2 bs iii', 243, 0),
(2414, 'gls 1.2 lpg', 243, 0),
(2415, 'gls bs iv', 243, 0),
(2416, 'gls lpg bs iv', 243, 0),
(2417, 'glg 1.2 bs iii', 243, 0),
(2418, 'glx bs iii', 243, 0),
(2419, 'gv bs iii', 243, 0),
(2420, 'gve bs iii', 243, 0),
(2421, 'gvg bs iii', 243, 0),
(2422, 'gvs bs iii', 243, 0),
(2423, 'gl bs iii', 243, 0),
(2424, 'gle bs iii', 243, 0),
(2425, 'glg bs iii', 243, 0),
(2426, 'gls bs iii', 243, 0),
(2427, 'gvg bs II', 243, 0),
(2428, 'gls safire 65', 244, 0),
(2429, 'glx safire 65', 244, 0),
(2430, 'glx safire 90', 244, 0),
(2431, 'gvx safire 65', 244, 0),
(2432, 'gvx safire 90', 244, 0),
(2433, 'gzx safire 90', 244, 0),
(2434, 'ls quadrajet', 244, 0),
(2435, 'ls tdi bs iii', 244, 0),
(2436, 'lx tdi bs iii', 244, 0),
(2437, 'vx quadrajet', 244, 0),
(2438, 'lx quadrajet', 244, 0),
(2439, 'zx quadrajet', 244, 0),
(2440, 'aqua quadrajet bs iii', 244, 0),
(2441, 'aqua quadrajet bs iv', 244, 0),
(2442, 'aqua safire 90 bs iv', 244, 0),
(2443, 'aqua safire bs iii', 244, 0),
(2444, 'aqua safire bs iv', 244, 0),
(2445, 'aqua tdi bs iii', 244, 0),
(2446, 'aura abs quadrajet bs iii', 244, 0),
(2447, 'aura abs quadrajet bs iv', 244, 0),
(2448, 'aura abs safire 90 bs iv', 244, 0),
(2449, 'aura abs safire bs iii', 244, 0),
(2450, 'aura abs safire bs iv', 244, 0),
(2451, 'aura plus quadrajet bs iii', 244, 0),
(2452, 'aura plus quadrajet bs iv', 244, 0),
(2453, 'aura plus safire 90 bs iv', 244, 0),
(2454, 'aura plus safire bs iii', 244, 0),
(2455, 'aura plus safire bs iv', 244, 0),
(2456, 'terra quadrajet bs iii', 244, 0),
(2457, 'terra quadrajet bs iv', 244, 0),
(2458, 'terra safire 90 bs iv', 244, 0),
(2459, 'terra safire bs iii', 244, 0),
(2460, 'terra safire bs iv', 244, 0),
(2461, 'terra tdi bs iii', 244, 0),
(2462, 'aqua 1.2 safire', 244, 0),
(2463, 'aqua 1.3 quadrajet', 244, 0),
(2464, 'aqua 1.4 tdi', 244, 0),
(2465, 'aura 1.2 abs safire', 244, 0),
(2466, 'aura 1.2 safire', 244, 0),
(2467, 'aura 1.3 abs quadrajet', 244, 0),
(2468, 'aura 1.3 quadrajet', 244, 0),
(2469, 'aura plus 1.2 safire', 244, 0),
(2470, 'aura plus 1.3 quadrajet', 244, 0),
(2471, 'aura quadrajet bs iii', 244, 0),
(2472, 'aura quadrajet bs iv', 244, 0),
(2473, 'aura safire bs iii', 244, 0),
(2474, 'aura safire bs iv', 244, 0),
(2475, 'le quadrajet bs iii', 244, 0),
(2476, 'le safire bs iii', 244, 0),
(2477, 'terra 1.2 safire', 244, 0),
(2478, 'terra 1.3 quadrajet', 244, 0),
(2479, 'terra 1.4 tdi', 244, 0),
(2480, 'aura  plus 1.2 safire', 244, 0),
(2481, 'aura  plus 1.3 quadrajet', 244, 0),
(2482, 'lx tdi', 244, 0),
(2483, 'vx', 244, 0),
(2484, 'zx', 244, 0),
(2485, 'le quadrajet bss III', 244, 0),
(2486, 'ls tdi bbs III', 244, 0),
(2487, 'qjet 90ps vx', 244, 0),
(2488, 'quadrajet 90 vx', 244, 0),
(2489, 'quadrajet 90 zx plus', 244, 0),
(2490, 'terra quadrajet bsIV', 244, 0),
(2491, 'qjet 75ps ls tech', 244, 0),
(2492, 'qjet 90ps zx', 244, 0),
(2493, 'qjet 90ps zx plus', 244, 0),
(2494, 'dl bs iii', 245, 0),
(2495, 'dle bs iii', 245, 0),
(2496, 'dl bs ii', 245, 0),
(2497, 'dle bs ii', 245, 0),
(2498, 'dl', 245, 0),
(2499, 'dle', 245, 0),
(2500, 'gls bs iii', 246, 0),
(2501, 'glx bs iii', 246, 0),
(2502, 'gv bs iii', 246, 0),
(2503, 'gve bs iii', 246, 0),
(2504, 'gvs bs iii', 246, 0),
(2505, 'ls dicor bs iii', 246, 0),
(2506, 'ls tdi bs iii', 246, 0),
(2507, 'lx dicor bs iii', 246, 0),
(2508, 'lx tdi bs iii', 246, 0),
(2509, 'v bs iii', 246, 0),
(2510, 've bs iii', 246, 0),
(2511, 'vs bs iii', 246, 0),
(2512, 'gle bs iii', 246, 0),
(2513, 'gsx bs iii', 246, 0),
(2514, 'sx bs iii', 246, 0),
(2515, 'gle', 246, 0),
(2516, 'gls', 246, 0),
(2517, 'glx', 246, 0),
(2518, 'ls', 246, 0),
(2519, 'lx', 246, 0),
(2520, 'xl', 246, 0),
(2521, 'le tdi', 247, 0),
(2522, 'ls tdi', 247, 0),
(2523, 'lx tdi', 247, 0),
(2524, 'gle', 247, 0),
(2525, 'gls', 247, 0),
(2526, 'glx', 247, 0),
(2527, 'ls dicor', 247, 0),
(2528, 'lx dicor', 247, 0),
(2529, 'emax gls cng', 248, 0),
(2530, 'emax glx cng', 248, 0),
(2531, 'gls', 248, 0),
(2532, 'gls e max', 248, 0),
(2533, 'glx', 248, 0),
(2534, 'glx e max', 248, 0),
(2535, 'gvx', 248, 0),
(2536, 'ls', 248, 0),
(2537, 'ls cr4 bs iv', 248, 0),
(2538, 'ls tdi', 248, 0),
(2539, 'lx', 248, 0),
(2540, 'lx cr4 bs iv', 248, 0),
(2541, 'lx tdi', 248, 0),
(2542, 'vx', 248, 0),
(2543, 'vx cr4 bs iv', 248, 0),
(2544, 'le tdi', 248, 0),
(2545, 'glx emax', 248, 0),
(2546, 'ls cr4 bs III', 248, 0),
(2547, 'lx cr4 bs III', 248, 0),
(2548, 'vx cr4 bs III', 248, 0),
(2549, 'gls emax', 248, 0),
(2550, 'ls tdi bs III', 248, 0),
(2551, 'lx tdi bs III', 248, 0),
(2552, 'GLS BS III', 248, 0),
(2553, 'GLS BS II', 248, 0),
(2554, 'gls bs iii', 249, 0),
(2555, 'glx bs iii', 249, 0),
(2556, 'ls bs iii', 249, 0),
(2557, 'lx bs iii', 249, 0),
(2558, 'lx dicor bs iii', 249, 0),
(2559, 'gsx bs iii', 249, 0),
(2560, 'sx bs iii', 249, 0),
(2561, 'gle bs iii', 249, 0),
(2562, 'gle bs ii', 249, 0),
(2563, 'gls bs ii', 249, 0),
(2564, 'glx bs ii', 249, 0),
(2565, 'ls bs ii', 249, 0),
(2566, 'lx bs ii', 249, 0),
(2567, 'dlg', 249, 0),
(2568, 'classic dicor', 250, 0),
(2569, 'classic petrol', 250, 0),
(2570, 'cr4', 250, 0),
(2571, 'grand dicor', 250, 0),
(2572, 'grand petrol', 250, 0),
(2573, 'petrol cng', 250, 0),
(2574, 'ex quadrajet', 251, 0),
(2575, 'gls', 251, 0),
(2576, 'ls quadrajet', 251, 0),
(2577, 'lx quadrajet', 251, 0),
(2578, 'safire ex', 251, 0),
(2579, 'safire gex', 251, 0),
(2580, 'safire gls', 251, 0),
(2581, 'safire glx', 251, 0),
(2582, 'safire gvx', 251, 0),
(2583, 'vx quadrajet', 251, 0),
(2584, 'gex', 251, 0),
(2585, 'glx', 251, 0),
(2586, 'gvx', 251, 0),
(2587, 'quadrajet exl', 251, 0),
(2588, 'safire exl', 251, 0),
(2589, 'safire ls', 251, 0),
(2590, 'safire lx', 251, 0),
(2591, 'safire vx', 251, 0),
(2592, 'aqua quadrajet bs iv', 251, 0),
(2593, 'aqua safire bs iv', 251, 0),
(2594, 'aura abs quadrajet bs iv', 251, 0),
(2595, 'aura abs safire bs iv', 251, 0),
(2596, 'aura quadrajet bs iv', 251, 0),
(2597, 'elan quadrajet bs iv', 251, 0),
(2598, 'aqua quadrajet bs iii', 251, 0),
(2599, 'aqua safire bs iii', 251, 0),
(2600, 'aura abs quadrajet bs iii', 251, 0),
(2601, 'aura abs safire bs iii', 251, 0),
(2602, 'aura plus quadrajet bs iii', 251, 0),
(2603, 'aura plus quadrajet bs iv', 251, 0),
(2604, 'aura plus safire bs iii', 251, 0),
(2605, 'aura plus safire bs iv', 251, 0),
(2606, 'aura quadrajet bs iii', 251, 0),
(2607, 'aura safire bs iii', 251, 0),
(2608, 'aua abs quadrajet bs IV', 251, 0),
(2609, 'aura safirre bs IV', 251, 0),
(2610, 'glex', 251, 0),
(2611, 'aura quadrajet', 251, 0),
(2612, 'celebration quaaadrajett', 251, 0),
(2613, 'elan safirre bs IV', 251, 0),
(2614, 'qudrajet exl', 251, 0),
(2615, 'cx 7 star', 252, 0),
(2616, 'cx 8 star', 252, 0),
(2617, 'cx 9 star', 252, 0),
(2618, 'lx 7 star', 252, 0),
(2619, 'lx 8 star', 252, 0),
(2620, 'lx 9 star', 252, 0),
(2621, 'cx', 253, 0),
(2622, 'cx cng', 253, 0),
(2623, 'lx', 253, 0),
(2624, 'lx cng', 253, 0),
(2625, 'std', 253, 0),
(2626, 'xt twist', 253, 0),
(2627, 'emax cx', 253, 0),
(2628, 'emax lx', 253, 0),
(2629, 'twist xt', 253, 0),
(2630, 'xm', 253, 0),
(2631, '4x2 ex dicor bs iii', 254, 0),
(2632, '4x2 ex dicor bs iv', 254, 0),
(2633, '4x2 lx dicor bs iii', 254, 0),
(2634, '4x2 lx dicor bs iv', 254, 0),
(2635, '4x2 gx dicor bs iv', 254, 0),
(2636, '4x2 vx dicor bs iii', 254, 0),
(2637, '4x2 vx dicor bs iv', 254, 0),
(2638, '4x4 vx dicor bs iv', 254, 0),
(2639, '4x2 ex dicor 2.2 vtt', 254, 0),
(2640, '4x2 gx dicor 2.2 vtt', 254, 0),
(2641, '4x2 lx dicor 2.2 vtt', 254, 0),
(2642, '4x2 vx dicor 2.2 vtt', 254, 0),
(2643, '4x4 ex dicor 2.2 vtt', 254, 0),
(2644, '4x4 ex dicor bs iv', 254, 0),
(2645, '4x4 gx dicor 2.2 vtt', 254, 0),
(2646, '4x4 gx dicor bs iv', 254, 0),
(2647, '4x4 vx dicor 2.2 vtt', 254, 0),
(2648, '4x2 exi bs iii', 254, 0),
(2649, '4x2 lx tcic', 254, 0),
(2650, '4x2 vxi bs iii', 254, 0),
(2651, '4x4 ex dicor bs iii', 254, 0),
(2652, '4x4 lx dicor bs iii', 254, 0),
(2653, '4x4 vx dicor bs iii', 254, 0),
(2654, '4x2 ex', 254, 0),
(2655, '4x2 ex tcic', 254, 0),
(2656, '4x2 exi bs ii', 254, 0),
(2657, '4x2 vxi bs ii', 254, 0),
(2658, '4x4 ex tcic', 254, 0),
(2659, '4x4 exi bs ii', 254, 0),
(2660, '4x4 lx tcic', 254, 0),
(2661, '4x4 vxi bs ii', 254, 0),
(2662, '4x2 lx', 254, 0),
(2663, '4x4 ex', 254, 0),
(2664, '4x4 lx', 254, 0),
(2665, '4x2dx', 254, 0),
(2666, '4x4  exi bs III', 254, 0),
(2667, '4x4 vxibs III', 254, 0),
(2668, '4x2 gx dicor', 254, 0),
(2669, '4x2 gx diccor bs III', 254, 0),
(2670, '4x2 ex dicor', 254, 0),
(2671, 'std', 255, 0),
(2672, 'tubo', 255, 0),
(2673, 'victa cx', 256, 0),
(2674, 'victa di cx', 256, 0),
(2675, 'victa di ex', 256, 0),
(2676, 'victa di gx', 256, 0),
(2677, 'victa di lx', 256, 0),
(2678, 'victa ex', 256, 0),
(2679, 'victa lx', 256, 0),
(2680, 'se plus', 256, 0),
(2681, 'spacio gold', 256, 0),
(2682, 'spacio sa gold', 256, 0),
(2683, 'victa gx', 256, 0),
(2684, 'ex plus', 256, 0),
(2685, 'plus', 256, 0),
(2686, 'spacio', 256, 0),
(2687, 'spacio sa', 256, 0),
(2688, 'spacio st', 256, 0),
(2689, 'victa ex tc', 256, 0),
(2690, 'sa plus', 256, 0),
(2691, 'sa tc', 256, 0),
(2692, 'se 4x4', 256, 0),
(2693, 'se tc', 256, 0),
(2694, 'ezi tc', 256, 0),
(2695, 'dx', 256, 0),
(2696, 'dx tc', 256, 0),
(2697, 'ezi', 256, 0),
(2698, '4x4', 256, 0),
(2699, 'ex', 256, 0),
(2700, 'sa', 256, 0),
(2701, 'se', 256, 0),
(2702, 'std', 256, 0),
(2703, 'spacio 6 star', 256, 0),
(2704, 'spacio sa 6 star', 256, 0),
(2705, '4x4plus', 256, 0),
(2706, 'sa+', 256, 0),
(2707, 'ex+', 256, 0),
(2708, 'victa gx tc 7 star', 256, 0),
(2709, 'victa gx tc 8 star', 256, 0),
(2710, 'victa cx 9 star', 256, 0),
(2711, 'lx victa', 256, 0),
(2712, 'grand', 256, 0),
(2713, 'gold cx bs IV', 256, 0),
(2714, 'gold ex bs IV', 256, 0),
(2715, 'gold gx bs IV', 256, 0),
(2716, 'gold lx bs III', 256, 0),
(2717, 'gold cx bs III', 256, 0),
(2718, 'gold ex bs III', 256, 0),
(2719, 'gold gx bs III', 256, 0),
(2720, '3.0 cr4 cx ps', 257, 0),
(2721, 'cx bs iii', 257, 0),
(2722, 'cx bs iv', 257, 0),
(2723, 'ex bs iii', 257, 0),
(2724, 'lx bs iii', 257, 0),
(2725, 'cx', 257, 0),
(2726, 'ex', 257, 0),
(2727, 'fx', 257, 0),
(2728, 'gx', 257, 0),
(2729, 'lx', 257, 0),
(2730, 'fx bs IV', 257, 0),
(2731, 'gx bs IV', 257, 0),
(2732, 'lx bs IV', 257, 0),
(2733, 'cx ps bs III', 257, 0),
(2734, 'cx ps bs IV', 257, 0),
(2735, 'ex bs IV', 257, 0),
(2736, 'ex', 258, 0),
(2737, 'cx', 258, 0),
(2738, 'gx', 258, 0),
(2739, 'revotorq xt (0)', 259, 0),
(2740, 'revotorq xm', 259, 0),
(2741, 'revotorq xe (o)', 259, 0),
(2742, 'revotron xt', 259, 0),
(2743, 'revotron xm (o)', 259, 0),
(2744, 'revotorq xb', 259, 0),
(2745, 'revotorq xe', 259, 0),
(2746, 'revotron xm', 259, 0),
(2747, '4x4', 260, 0),
(2748, 'ex 7 star', 261, 0),
(2749, 'ex 8 star', 261, 0),
(2750, 'gx 7 star', 261, 0),
(2751, 'gx 8 star', 261, 0),
(2752, 'lx 7 star', 261, 0),
(2753, 'lx 8 star', 261, 0),
(2754, 'ls bs iii', 262, 0),
(2755, 'ls bs iv', 262, 0),
(2756, 'lx bs iii', 262, 0),
(2757, 'lx bs IV', 262, 0),
(2758, 'platinum bs III', 263, 0),
(2759, 'platinum bs IV', 263, 0),
(2760, 'wb', 263, 0),
(2761, 'ex 4x2', 264, 0),
(2762, 'ex 4x4', 264, 0),
(2763, 'xe quadrajet 75ps', 265, 0),
(2764, 'xe rt 90 ps', 265, 0),
(2765, 'xm quadrajet 90ps', 265, 0),
(2766, 'xm rt 90ps', 265, 0),
(2767, 'xms quadrajet 90ps', 265, 0),
(2768, 'xms rt 90ps', 265, 0),
(2769, 'xt quadrajet 90ps', 265, 0),
(2770, 'xma quadraajet 90ps', 265, 0),
(2771, 'xt rt 90 ps', 265, 0),
(2772, 'xe petrol', 265, 0),
(2773, 'xm petrol', 265, 0),
(2774, 'xms petrol', 265, 0),
(2775, 'xe 75 ps diesel', 265, 0),
(2776, 'xt petrol', 265, 0),
(2777, 'xm 75 ps diesel', 265, 0),
(2778, 'xms 75 ps diesel', 265, 0),
(2779, 'xma diesel', 265, 0),
(2780, 'xt diesel', 265, 0),
(2781, 'xta diesel', 265, 0),
(2782, 'di', 266, 0),
(2783, 'cng', 267, 0),
(2784, 'ex', 267, 0),
(2785, 'ht', 267, 0),
(2786, 'std', 267, 0),
(2787, 'super', 267, 0),
(2788, 'lei bs II', 268, 0),
(2789, 'lei bs III', 268, 0),
(2790, 'li bs II', 268, 0),
(2791, 'li bs III', 268, 0),
(2792, 'aura abs quadrajet bs III', 269, 0),
(2793, 'gls', 269, 0),
(2794, 'gvx', 269, 0),
(2795, 'ls', 269, 0),
(2796, 'lx', 269, 0),
(2797, 'iris', 270, 0),
(2798, 'xe', 271, 0),
(2799, 'xm', 271, 0),
(2800, 'xt', 271, 0),
(2801, 'xma', 271, 0),
(2802, 'xta', 271, 0),
(2803, '2.2ex 4x2', 272, 0),
(2804, '2.2lx 4x2', 272, 0),
(2805, '2.2 vx 4x2', 272, 0),
(2806, '2.2 vx 4x4', 272, 0),
(2807, '2.2 vx 4x2 varicor 400', 272, 0),
(2808, '2.2 vx 4x4 varicorr 400', 272, 0),
(2809, 'DLE', 273, 0),
(2810, 'DLS', 273, 0),
(2811, 'DL', 273, 0),
(2812, 'DLX', 273, 0),
(2813, 'LI', 273, 0),
(2814, 'LSI', 273, 0),
(2815, 'LXI', 273, 0),
(2816, 'LEI', 273, 0),
(2817, 'LI BS II', 274, 0);

-- --------------------------------------------------------

--
-- Table structure for table `dealermaster`
--

CREATE TABLE `dealermaster` (
  `id` int(11) NOT NULL,
  `dname` varchar(40) NOT NULL,
  `dpass` varchar(40) NOT NULL,
  `dmobile` varchar(40) NOT NULL,
  `demail` varchar(40) NOT NULL,
  `dealership` varchar(120) NOT NULL,
  `dob` varchar(40) NOT NULL,
  `gender` varchar(40) DEFAULT NULL,
  `location` varchar(120) DEFAULT NULL,
  `approved` int(11) NOT NULL,
  `delid` int(11) NOT NULL,
  `createdon` varchar(60) NOT NULL,
  `gcmid` varchar(120) NOT NULL
) ENGINE=InnoDB DEFAULT CHARSET=latin1;

--
-- Dumping data for table `dealermaster`
--

INSERT INTO `dealermaster` (`id`, `dname`, `dpass`, `dmobile`, `demail`, `dealership`, `dob`, `gender`, `location`, `approved`, `delid`, `createdon`, `gcmid`) VALUES
(1, 'Gautam', 'gautam@123', '9999699659', 'gautam@bluejack.in', 'Cars', '04-19-1989', 'Male', 'New Delhi', 0, 0, '2017-12-29 13:13:13', 'sadfasdffsdfas'),
(2, 'Divyanshu', 'divyanshu@123', '9899591142', 'divyanshu@bluejack.in', 'divyanshu pvt ltd.', '05-12-1991', 'Male', 'New Delhi', 0, 0, '2018-01-08 13:09:34', '');

-- --------------------------------------------------------

--
-- Table structure for table `rfcdetails`
--

CREATE TABLE `rfcdetails` (
  `id` int(11) NOT NULL,
  `carid` varchar(40) NOT NULL,
  `rfcdetails` varchar(150) DEFAULT NULL,
  `price` varchar(40) DEFAULT NULL,
  `delid` int(11) NOT NULL
) ENGINE=InnoDB DEFAULT CHARSET=latin1;

--
-- Dumping data for table `rfcdetails`
--

INSERT INTO `rfcdetails` (`id`, `carid`, `rfcdetails`, `price`, `delid`) VALUES
(1, '1000001647', 'Tyre Change', '10000', 0),
(2, '1000001647', 'Full body paint', '15000', 0);

-- --------------------------------------------------------

--
-- Table structure for table `rolemaster`
--

CREATE TABLE `rolemaster` (
  `id` int(11) NOT NULL,
  `role` varchar(40) NOT NULL,
  `delid` int(11) NOT NULL
) ENGINE=InnoDB DEFAULT CHARSET=latin1;

-- --------------------------------------------------------

--
-- Table structure for table `tbltoken`
--

CREATE TABLE `tbltoken` (
  `id` int(11) NOT NULL,
  `usertoken` varchar(120) NOT NULL,
  `userkey` varchar(120) NOT NULL,
  `username` varchar(40) NOT NULL,
  `delid` int(11) NOT NULL
) ENGINE=InnoDB DEFAULT CHARSET=latin1;

--
-- Dumping data for table `tbltoken`
--

INSERT INTO `tbltoken` (`id`, `usertoken`, `userkey`, `username`, `delid`) VALUES
(1, 'AVzuhJBFWjJcCzlRo7hbjyxR88gaYLpL', '8D674ECC3B45C55C93636186DA35C', 'bluejack', 0);

-- --------------------------------------------------------

--
-- Table structure for table `usermaster`
--

CREATE TABLE `usermaster` (
  `id` int(11) NOT NULL,
  `useremail` varchar(60) NOT NULL,
  `userpwd` varchar(60) NOT NULL,
  `username` varchar(120) NOT NULL,
  `departid` int(11) NOT NULL,
  `roleid` int(11) NOT NULL,
  `delid` int(11) NOT NULL,
  `lastlogintime` varchar(50) DEFAULT NULL,
  `lastlogouttime` varchar(50) DEFAULT NULL
) ENGINE=InnoDB DEFAULT CHARSET=latin1;

--
-- Dumping data for table `usermaster`
--

INSERT INTO `usermaster` (`id`, `useremail`, `userpwd`, `username`, `departid`, `roleid`, `delid`, `lastlogintime`, `lastlogouttime`) VALUES
(1, 'divyanshu@bluejack.in', 'qwerty@123', 'Divyanshu', 1, 1, 0, '', '');

--
-- Indexes for dumped tables
--

--
-- Indexes for table `bidmaster`
--
ALTER TABLE `bidmaster`
  ADD PRIMARY KEY (`id`);

--
-- Indexes for table `carimage`
--
ALTER TABLE `carimage`
  ADD PRIMARY KEY (`id`);

--
-- Indexes for table `carmake`
--
ALTER TABLE `carmake`
  ADD PRIMARY KEY (`id`);

--
-- Indexes for table `carmaster`
--
ALTER TABLE `carmaster`
  ADD PRIMARY KEY (`id`);

--
-- Indexes for table `carmodel`
--
ALTER TABLE `carmodel`
  ADD PRIMARY KEY (`id`);

--
-- Indexes for table `carvariant`
--
ALTER TABLE `carvariant`
  ADD PRIMARY KEY (`id`);

--
-- Indexes for table `dealermaster`
--
ALTER TABLE `dealermaster`
  ADD PRIMARY KEY (`id`);

--
-- Indexes for table `rfcdetails`
--
ALTER TABLE `rfcdetails`
  ADD PRIMARY KEY (`id`);

--
-- Indexes for table `rolemaster`
--
ALTER TABLE `rolemaster`
  ADD PRIMARY KEY (`id`);

--
-- Indexes for table `tbltoken`
--
ALTER TABLE `tbltoken`
  ADD PRIMARY KEY (`id`);

--
-- AUTO_INCREMENT for dumped tables
--

--
-- AUTO_INCREMENT for table `bidmaster`
--
ALTER TABLE `bidmaster`
  MODIFY `id` int(11) NOT NULL AUTO_INCREMENT, AUTO_INCREMENT=14;

--
-- AUTO_INCREMENT for table `carimage`
--
ALTER TABLE `carimage`
  MODIFY `id` int(11) NOT NULL AUTO_INCREMENT, AUTO_INCREMENT=7;

--
-- AUTO_INCREMENT for table `carmake`
--
ALTER TABLE `carmake`
  MODIFY `id` int(11) NOT NULL AUTO_INCREMENT, AUTO_INCREMENT=26;

--
-- AUTO_INCREMENT for table `carmaster`
--
ALTER TABLE `carmaster`
  MODIFY `id` int(11) NOT NULL AUTO_INCREMENT, AUTO_INCREMENT=4;

--
-- AUTO_INCREMENT for table `carmodel`
--
ALTER TABLE `carmodel`
  MODIFY `id` int(11) NOT NULL AUTO_INCREMENT, AUTO_INCREMENT=275;

--
-- AUTO_INCREMENT for table `carvariant`
--
ALTER TABLE `carvariant`
  MODIFY `id` int(11) NOT NULL AUTO_INCREMENT, AUTO_INCREMENT=2818;

--
-- AUTO_INCREMENT for table `dealermaster`
--
ALTER TABLE `dealermaster`
  MODIFY `id` int(11) NOT NULL AUTO_INCREMENT, AUTO_INCREMENT=3;

--
-- AUTO_INCREMENT for table `rfcdetails`
--
ALTER TABLE `rfcdetails`
  MODIFY `id` int(11) NOT NULL AUTO_INCREMENT, AUTO_INCREMENT=3;

--
-- AUTO_INCREMENT for table `rolemaster`
--
ALTER TABLE `rolemaster`
  MODIFY `id` int(11) NOT NULL AUTO_INCREMENT;

--
-- AUTO_INCREMENT for table `tbltoken`
--
ALTER TABLE `tbltoken`
  MODIFY `id` int(11) NOT NULL AUTO_INCREMENT, AUTO_INCREMENT=2;
COMMIT;

/*!40101 SET CHARACTER_SET_CLIENT=@OLD_CHARACTER_SET_CLIENT */;
/*!40101 SET CHARACTER_SET_RESULTS=@OLD_CHARACTER_SET_RESULTS */;
/*!40101 SET COLLATION_CONNECTION=@OLD_COLLATION_CONNECTION */;
